,Mean,MCSE,StdDev,MAD,5%,50%,95%,ESS_bulk,ESS_tail,ESS_bulk/s,R_hat
lp__,106306.0,643.989,1292.35,1403.67,104170.0,106212.0,108443.0,4.79921,1000.0,0.00127604,2.56184
beta0[1],2.01399e-06,1.7383e-07,7.53256e-07,7.53984e-07,7.5814e-07,2.01318e-06,3.22703e-06,10.9784,1000.0,0.00291899,1.26912
beta0[2],1.28559e-06,3.59471e-07,7.04688e-07,7.01683e-07,5.58539e-08,1.35894e-06,2.39175e-06,7.07375,1000.0,0.0018808,1.54779
beta0[3],-5.08026e-07,5.86928e-07,1.00545e-06,8.33505e-07,-1.87735e-06,-6.96504e-07,1.44374e-06,6.59495,1000.0,0.0017535,1.62897
beta0[4],3.42909e-06,7.23293e-07,1.17519e-06,1.1938e-06,1.36689e-06,3.56886e-06,5.28915e-06,5.60941,1000.0,0.00149146,1.92238
beta0[5],7.03785e-07,5.76112e-07,1.03903e-06,1.17062e-06,-8.92012e-07,6.48051e-07,2.39175e-06,5.89876,1000.0,0.00156839,1.80498
beta0[6],2.28937e-07,4.0042e-07,1.01945e-06,9.48097e-07,-1.46646e-06,2.19435e-07,1.91307e-06,9.86097,1000.0,0.00262188,1.31542
beta0[7],1.05059e-06,5.84583e-07,9.43117e-07,1.12849e-06,-2.66202e-07,9.21195e-07,2.64333e-06,5.56157,1000.0,0.00147874,1.93177
beta0[8],9.28206e-07,2.95158e-07,5.10695e-07,5.83851e-07,1.60368e-07,9.18334e-07,1.77314e-06,6.50272,1000.0,0.00172898,1.64751
beta0[9],1.20877e-06,4.09712e-07,7.25146e-07,6.60433e-07,-1.78324e-07,1.26961e-06,2.22124e-06,5.95387,1000.0,0.00158305,1.78333
beta0[10],1.28812e-06,8.38643e-07,1.26397e-06,1.27832e-06,-9.66882e-07,1.59152e-06,2.82869e-06,5.35018,1000.0,0.00142253,2.05899
beta0[11],1.55484e-06,6.15166e-07,9.5124e-07,1.08856e-06,7.32584e-08,1.50273e-06,3.13874e-06,5.0049,1000.0,0.00133073,2.32705
beta0[12],1.90739e-08,3.7847e-07,7.73809e-07,7.43049e-07,-1.31046e-06,5.79475e-08,1.31435e-06,8.94093,1000.0,0.00237726,1.36374
beta0[13],1.81097e-06,5.72135e-07,9.79232e-07,1.08832e-06,2.74897e-07,1.7451e-06,3.43697e-06,6.02257,1000.0,0.00160131,1.77003
beta0[14],1.16314e-06,3.4138e-07,6.09489e-07,5.60853e-07,2.63077e-07,1.0797e-06,2.31845e-06,6.87252,1000.0,0.0018273,1.57996
beta0[15],1.30217e-06,5.11996e-07,8.36409e-07,7.23172e-07,2.11816e-07,1.06712e-06,2.85114e-06,7.04255,1000.0,0.00187251,1.55056
beta0[16],-3.52531e-07,3.0289e-07,7.19648e-07,7.33842e-07,-1.50759e-06,-3.63641e-07,8.17237e-07,8.74242,1000.0,0.00232448,1.37612
beta0[17],1.51824e-06,4.2417e-07,7.96157e-07,9.09446e-07,2.68737e-07,1.60634e-06,2.76528e-06,6.42089,1000.0,0.00170722,1.66357
beta0[18],1.62478e-06,5.57061e-07,1.05543e-06,1.0408e-06,-4.70532e-09,1.55838e-06,3.51086e-06,6.71183,1000.0,0.00178458,1.608
beta0[19],1.94163e-06,6.76232e-07,1.10147e-06,1.15032e-06,4.54558e-07,1.70079e-06,3.87912e-06,6.15254,1000.0,0.00163587,1.72857
beta0[20],1.27265e-06,2.55866e-07,5.79125e-07,6.05516e-07,3.19591e-07,1.25964e-06,2.20896e-06,8.89878,1000.0,0.00236605,1.36868
beta0[21],5.94325e-07,3.815e-07,7.54311e-07,7.25587e-07,-7.44607e-07,6.26162e-07,1.80216e-06,8.03852,1000.0,0.00213732,1.44278
beta0[22],2.64475e-06,4.05555e-07,1.01763e-06,1.01503e-06,1.12318e-06,2.56948e-06,4.4741e-06,6.66751,1000.0,0.00177279,1.6067
beta0[23],1.79688e-06,2.98492e-07,7.08246e-07,6.47636e-07,7.39691e-07,1.75799e-06,3.0371e-06,8.77745,1000.0,0.00233379,1.37501
beta0[24],3.05364e-07,4.80561e-07,9.95624e-07,9.54947e-07,-1.24416e-06,2.12945e-07,2.12731e-06,8.74034,1000.0,0.00232392,1.38099
beta0[25],9.5743e-07,1.09551e-06,1.71924e-06,1.43662e-06,-1.92271e-06,1.1425e-06,3.94347e-06,4.83299,1000.0,0.00128502,2.50088
beta0[26],1.67567e-07,4.30181e-07,7.19001e-07,8.04509e-07,-9.66811e-07,9.71092e-08,1.3482e-06,5.77393,1000.0,0.0015352,1.8468
beta0[27],8.25663e-07,1.06801e-07,5.45869e-07,5.88029e-07,-3.26789e-08,8.10007e-07,1.76513e-06,12.9566,1000.0,0.00344495,1.21553
beta0[28],1.70965e-06,4.05989e-07,7.73731e-07,8.56974e-07,4.5244e-07,1.71953e-06,2.95077e-06,7.75451,1000.0,0.00206181,1.46462
beta0[29],1.6174e-06,3.93036e-07,7.30184e-07,7.54724e-07,4.58552e-07,1.5836e-06,2.82273e-06,6.50293,1000.0,0.00172903,1.64487
beta0[30],-2.71636e-07,5.62887e-07,1.10603e-06,1.22183e-06,-2.00922e-06,-2.568e-07,1.549e-06,6.70356,1000.0,0.00178238,1.60672
beta0[31],4.62247e-06,7.51614e-07,1.3998e-06,1.68068e-06,2.42385e-06,4.72779e-06,6.74761e-06,6.58286,1000.0,0.00175028,1.62762
beta0[32],4.28161e-07,3.69451e-07,7.44826e-07,8.34524e-07,-7.38191e-07,3.91852e-07,1.65286e-06,8.48719,1000.0,0.00225662,1.40017
beta0[33],3.17433e-06,9.60233e-07,1.53086e-06,1.70145e-06,5.85858e-07,3.35149e-06,5.44384e-06,5.29738,1000.0,0.00140849,2.08848
beta0[34],1.47662e-06,1.41387e-06,2.23949e-06,2.00701e-06,-2.03218e-06,1.29757e-06,5.84142e-06,4.81058,1000.0,0.00127906,2.54491
beta0[35],-4.38263e-07,7.70891e-07,1.29477e-06,1.50547e-06,-2.49767e-06,-4.442e-07,1.67913e-06,5.85988,1000.0,0.00155806,1.81509
beta0[36],4.14486e-06,1.25557e-06,2.10786e-06,1.91864e-06,1.16974e-06,3.81224e-06,8.19626e-06,6.32891,1000.0,0.00168276,1.68197
"beta_off[1,1]",1.98238e-05,3.13968e-06,4.85034e-06,5.64027e-06,1.18278e-05,1.92746e-05,2.69984e-05,4.5129,1000.0,0.00119991,3.17529
"beta_off[1,2]",2.65549e-06,5.81798e-07,9.43475e-07,8.47439e-07,1.57291e-06,2.37321e-06,4.51135e-06,4.61991,1000.0,0.00122836,2.88134
"beta_off[1,3]",1.94163e-06,3.47445e-07,5.66348e-07,5.45695e-07,1.27497e-06,1.70007e-06,3.08988e-06,4.63301,1000.0,0.00123185,2.84534
"beta_off[1,4]",2.88206,2.04993,2.90779,2.89654,0.086177,2.13492,7.16666,4.474,1000.0,0.00118957,3.29681
"beta_off[1,5]",1.1169e-06,1.72258e-07,3.1066e-07,2.46029e-07,7.68339e-07,9.99847e-07,1.7594e-06,4.94362,1000.0,0.00131444,2.39837
"beta_off[1,6]",4.64787e-06,7.48612e-07,1.14492e-06,1.4994e-06,2.55843e-06,4.50921e-06,6.28273e-06,4.47153,1000.0,0.00118891,3.29696
"beta_off[1,7]",3.87058e-06,4.1536e-07,7.73191e-07,6.48379e-07,2.59148e-06,3.82429e-06,5.3999e-06,4.81131,1000.0,0.00127925,2.54569
"beta_off[1,8]",1.69983e-06,5.05259e-07,7.41495e-07,9.62737e-07,7.6506e-07,1.55304e-06,3.08407e-06,4.43676,1000.0,0.00117967,3.51728
"beta_off[2,1]",1.20739e-05,1.4781e-06,2.4827e-06,2.5825e-06,8.43152e-06,1.1549e-05,1.61424e-05,4.75937,1000.0,0.00126544,2.61129
"beta_off[2,2]",1.6951e-06,2.34586e-07,4.71063e-07,3.98588e-07,9.84815e-07,1.61158e-06,2.69955e-06,5.1685,1000.0,0.00137423,2.20054
"beta_off[2,3]",1.20599e-06,1.49164e-07,2.54451e-07,3.12927e-07,7.95167e-07,1.16794e-06,1.61025e-06,5.07133,1000.0,0.00134839,2.26967
"beta_off[2,4]",2.66094,2.17473,3.0848,1.54772,0.216868,1.3041,7.81601,4.46603,1000.0,0.00118745,3.40041
"beta_off[2,5]",5.93844e-07,1.43873e-07,2.15874e-07,2.73756e-07,2.57691e-07,6.47409e-07,9.05554e-07,4.39879,1000.0,0.00116957,3.57562
"beta_off[2,6]",1.45511e-06,1.51943e-07,2.76046e-07,3.26549e-07,1.09272e-06,1.44175e-06,1.98794e-06,5.07017,1000.0,0.00134808,2.26455
"beta_off[2,7]",1.4991e-06,2.74325e-07,4.31241e-07,5.28359e-07,8.595e-07,1.45886e-06,2.13449e-06,4.52013,1000.0,0.00120183,3.13434
"beta_off[2,8]",1.35219e-06,2.99642e-07,4.50727e-07,5.63416e-07,7.44724e-07,1.33127e-06,2.09817e-06,4.59707,1000.0,0.00122229,2.94121
"beta_off[3,1]",1.24656,0.587102,0.832794,1.06529,0.103785,1.24853,2.38069,4.47853,1000.0,0.00119077,3.32265
"beta_off[3,2]",2.13116e-06,2.38189e-07,4.04233e-07,3.93389e-07,1.32279e-06,2.14728e-06,2.70022e-06,5.02473,1000.0,0.001336,2.32542
"beta_off[3,3]",1.33838e-06,1.335e-07,2.81995e-07,2.59313e-07,8.71759e-07,1.3457e-06,1.8757e-06,5.09853,1000.0,0.00135562,2.2332
"beta_off[3,4]",1.83606,1.16415,1.65133,1.76826,0.162567,1.47569,4.21841,4.45397,1000.0,0.00118424,3.3861
"beta_off[3,5]",9.47684e-07,1.34253e-07,2.33917e-07,2.84877e-07,5.63597e-07,9.12389e-07,1.30296e-06,4.80403,1000.0,0.00127732,2.58026
"beta_off[3,6]",2.02855e-06,2.88119e-07,4.93551e-07,5.08683e-07,1.34204e-06,1.88467e-06,2.83252e-06,5.45161,1000.0,0.0014495,2.01319
"beta_off[3,7]",2.31674e-06,5.51043e-07,8.22313e-07,8.34542e-07,7.66174e-07,2.46711e-06,3.3951e-06,4.4574,1000.0,0.00118516,3.32603
"beta_off[3,8]",1.70138e-06,1.94586e-07,3.30427e-07,4.38269e-07,1.18329e-06,1.71785e-06,2.20359e-06,4.82691,1000.0,0.0012834,2.51628
"beta_off[4,1]",1.89478e-05,1.64964e-06,3.05019e-06,3.81779e-06,1.42522e-05,1.90058e-05,2.41031e-05,4.83435,1000.0,0.00128538,2.53174
"beta_off[4,2]",2.83072e-06,3.68947e-07,6.03672e-07,4.80504e-07,2.2028e-06,2.66868e-06,4.25769e-06,5.11041,1000.0,0.00135878,2.22527
"beta_off[4,3]",1.92206e-06,2.98923e-07,5.37729e-07,5.95884e-07,1.23713e-06,1.74051e-06,3.11606e-06,4.91991,1000.0,0.00130813,2.4187
"beta_off[4,4]",3.29362e-05,5.2825e-06,8.36058e-06,5.5325e-06,2.09861e-05,3.35571e-05,5.01721e-05,4.7618,1000.0,0.00126609,2.61706
"beta_off[4,5]",9.52908e-07,7.60876e-08,1.79303e-07,1.352e-07,5.97204e-07,9.67174e-07,1.2498e-06,5.25476,1000.0,0.00139716,2.12555
"beta_off[4,6]",3.28286e-06,4.07033e-07,6.59192e-07,7.96534e-07,2.40291e-06,3.22613e-06,4.39781e-06,4.74693,1000.0,0.00126214,2.63768
"beta_off[4,7]",2.56863e-06,1.92954e-07,4.1739e-07,3.99107e-07,2.07039e-06,2.52174e-06,3.49528e-06,5.17524,1000.0,0.00137602,2.19037
"beta_off[4,8]",1.93125e-06,1.53856e-07,3.45947e-07,2.65364e-07,1.57394e-06,1.81292e-06,2.7036e-06,5.43335,1000.0,0.00144465,2.03446
"beta_off[5,1]",1.78344e-05,1.60458e-06,3.58607e-06,4.12456e-06,1.2647e-05,1.79341e-05,2.33535e-05,4.98127,1000.0,0.00132445,2.34739
"beta_off[5,2]",2.376e-06,2.74709e-07,4.69028e-07,5.41363e-07,1.72169e-06,2.35872e-06,3.22345e-06,4.75225,1000.0,0.00126355,2.64535
"beta_off[5,3]",1.45204e-06,3.36423e-07,5.45336e-07,7.86701e-07,6.73157e-07,1.37397e-06,2.2118e-06,4.89082,1000.0,0.0013004,2.44776
"beta_off[5,4]",4.08644,3.51184,4.98147,0.975702,0.426577,1.62184,12.6928,4.61206,1000.0,0.00122628,2.94785
"beta_off[5,5]",8.98813e-07,5.76459e-08,1.18605e-07,1.46849e-07,7.11701e-07,8.94602e-07,1.08123e-06,5.48699,1000.0,0.00145891,1.99117
"beta_off[5,6]",2.70968e-06,1.22331e-07,3.86108e-07,5.11792e-07,2.17358e-06,2.67707e-06,3.29719e-06,6.45677,1000.0,0.00171676,1.65889
"beta_off[5,7]",2.66905e-06,7.13876e-07,1.11753e-06,1.58701e-06,1.17516e-06,2.7664e-06,4.72435e-06,4.4222,1000.0,0.0011758,3.48627
"beta_off[5,8]",1.51654e-06,2.64388e-07,4.33205e-07,2.30972e-07,9.66604e-07,1.45117e-06,2.6471e-06,4.61449,1000.0,0.00122692,2.91518
"beta_off[6,1]",1.22001,0.414348,0.587783,0.329542,0.246116,1.46281,1.69555,4.70578,1000.0,0.0012512,2.72762
"beta_off[6,2]",3.20089e-06,3.0399e-07,6.36997e-07,6.64028e-07,1.97982e-06,3.19871e-06,4.10282e-06,5.29831,1000.0,0.00140874,2.10152
"beta_off[6,3]",1.82921e-06,3.97481e-07,5.79075e-07,3.29165e-07,1.23835e-06,1.62173e-06,2.97572e-06,4.64905,1000.0,0.00123611,2.81387
"beta_off[6,4]",2.20749e-05,3.63727e-06,5.99542e-06,4.94219e-06,1.42729e-05,2.16955e-05,3.6018e-05,4.52068,1000.0,0.00120198,3.12058
"beta_off[6,5]",1.29653e-06,1.41338e-07,2.39698e-07,2.43462e-07,9.84257e-07,1.24194e-06,1.72254e-06,5.05855,1000.0,0.00134499,2.27795
"beta_off[6,6]",2.86936e-06,4.78486e-07,8.02333e-07,5.99573e-07,1.98088e-06,2.62495e-06,4.65231e-06,4.57734,1000.0,0.00121705,3.04853
"beta_off[6,7]",5.03391e-06,5.16933e-07,8.48787e-07,1.13581e-06,3.78484e-06,5.14454e-06,6.23755e-06,5.33564,1000.0,0.00141867,2.06215
"beta_off[6,8]",3.14987e-06,5.3985e-07,8.41173e-07,5.66379e-07,1.62055e-06,3.23918e-06,4.7359e-06,4.4832,1000.0,0.00119202,3.25243
"beta_off[7,1]",1.59588e-05,2.7704e-06,4.16733e-06,3.7638e-06,7.40244e-06,1.69113e-05,2.09813e-05,4.48576,1000.0,0.0011927,3.22462
"beta_off[7,2]",1.56329e-06,3.65806e-07,5.76818e-07,6.61513e-07,8.34702e-07,1.42894e-06,2.52526e-06,4.38514,1000.0,0.00116594,3.66996
"beta_off[7,3]",1.87761e-06,2.41671e-07,4.11669e-07,4.22804e-07,1.10215e-06,1.89666e-06,2.5071e-06,4.57935,1000.0,0.00121758,2.99386
"beta_off[7,4]",1.74131,0.961063,1.36439,1.25372,0.407893,1.36629,3.93636,4.36935,1000.0,0.00116175,3.72937
"beta_off[7,5]",4.68759e-07,9.66575e-08,1.52237e-07,2.16853e-07,2.71465e-07,4.68309e-07,7.01031e-07,4.52263,1000.0,0.0012025,3.13468
"beta_off[7,6]",2.13837e-06,1.40703e-07,2.8451e-07,3.60411e-07,1.73525e-06,2.13631e-06,2.58628e-06,5.53279,1000.0,0.00147109,1.95699
"beta_off[7,7]",1.92724e-06,3.15315e-07,5.63109e-07,5.13122e-07,1.254e-06,1.78806e-06,3.06414e-06,5.01896,1000.0,0.00133447,2.30659
"beta_off[7,8]",1.48433e-06,3.08041e-07,4.96217e-07,3.64889e-07,8.96913e-07,1.38716e-06,2.67113e-06,4.42665,1000.0,0.00117698,3.51508
"beta_off[8,1]",1.35746e-05,1.7656e-06,2.77235e-06,3.45733e-06,1.00384e-05,1.28548e-05,1.86399e-05,4.54576,1000.0,0.00120865,3.11658
"beta_off[8,2]",1.6407e-06,1.97361e-07,3.46087e-07,2.01522e-07,9.27651e-07,1.54534e-06,2.15062e-06,5.41363,1000.0,0.0014394,2.04815
"beta_off[8,3]",1.5547e-06,2.06986e-07,3.40479e-07,4.08002e-07,1.04939e-06,1.66884e-06,2.00398e-06,4.64102,1000.0,0.00123398,2.87012
"beta_off[8,4]",2.29315,1.82149,2.58374,0.763222,0.310433,1.07046,6.73034,4.47887,1000.0,0.00119086,3.3061
"beta_off[8,5]",3.62494e-07,6.85668e-08,1.0725e-07,6.25652e-08,2.44072e-07,3.20054e-07,6.03863e-07,4.54376,1000.0,0.00120812,3.06301
"beta_off[8,6]",7.36396e-07,7.91046e-08,1.39184e-07,1.36344e-07,5.17422e-07,7.41264e-07,9.99644e-07,4.8997,1000.0,0.00130276,2.46792
"beta_off[8,7]",1.20567e-06,1.70084e-07,2.89172e-07,2.58995e-07,7.49155e-07,1.2173e-06,1.71194e-06,4.78924,1000.0,0.00127339,2.59575
"beta_off[8,8]",1.34008e-06,1.25045e-07,2.46182e-07,2.36783e-07,9.3642e-07,1.3457e-06,1.81644e-06,4.73406,1000.0,0.00125872,2.66758
"beta_off[9,1]",1.03867e-05,1.70884e-06,2.75531e-06,2.96503e-06,6.49543e-06,9.90089e-06,1.51152e-05,5.03224,1000.0,0.001338,2.30183
"beta_off[9,2]",1.55479e-06,1.51427e-07,2.63152e-07,2.73014e-07,1.15691e-06,1.56145e-06,1.99544e-06,4.75152,1000.0,0.00126336,2.65039
"beta_off[9,3]",1.99381e-06,3.36602e-07,5.16307e-07,5.48739e-07,1.0343e-06,2.08964e-06,2.63532e-06,4.58848,1000.0,0.00122001,2.96195
"beta_off[9,4]",0.734916,0.428361,0.607621,0.281368,0.254563,0.464238,1.75686,4.3038,1000.0,0.00114432,4.20582
"beta_off[9,5]",5.80261e-07,1.31202e-07,2.17528e-07,2.10428e-07,3.39104e-07,4.9739e-07,9.91382e-07,4.6175,1000.0,0.00122772,2.88494
"beta_off[9,6]",1.13094e-06,2.07842e-07,3.1402e-07,3.68424e-07,5.98839e-07,1.17831e-06,1.53292e-06,4.79627,1000.0,0.00127526,2.58628
"beta_off[9,7]",1.66143e-06,1.75938e-07,3.18263e-07,3.05746e-07,1.20196e-06,1.58218e-06,2.25368e-06,5.16434,1000.0,0.00137312,2.19784
"beta_off[9,8]",1.4352e-06,2.41493e-07,3.89164e-07,4.77108e-07,9.63138e-07,1.36841e-06,2.13601e-06,4.92655,1000.0,0.0013099,2.40574
"beta_off[10,1]",3.82013,1.60249,2.27312,1.43189,0.0616719,4.58952,6.0389,4.46796,1000.0,0.00118796,3.32404
"beta_off[10,2]",2.09576e-06,4.65294e-07,6.9722e-07,4.95006e-07,1.2208e-06,1.84951e-06,3.31816e-06,4.65281,1000.0,0.00123711,2.81742
"beta_off[10,3]",2.0964e-06,2.68069e-07,4.39972e-07,5.0284e-07,1.34027e-06,2.02709e-06,2.71456e-06,4.89102,1000.0,0.00130045,2.43281
"beta_off[10,4]",1.15972,0.863381,1.22471,0.86285,0.0848612,0.71,3.15003,4.49121,1000.0,0.00119415,3.25859
"beta_off[10,5]",6.2769e-07,1.64911e-07,2.50373e-07,6.22576e-08,4.3344e-07,5.06852e-07,1.21107e-06,5.08266,1000.0,0.0013514,2.24734
"beta_off[10,6]",1.81586e-06,3.70626e-07,5.47916e-07,6.59372e-07,9.46185e-07,1.82381e-06,2.62526e-06,4.48191,1000.0,0.00119167,3.277
"beta_off[10,7]",1.80515e-06,4.16266e-07,6.09747e-07,7.0817e-07,7.83832e-07,1.921e-06,2.71597e-06,4.31749,1000.0,0.00114795,4.09141
"beta_off[10,8]",1.93752e-06,2.53197e-07,4.39357e-07,3.3972e-07,1.2593e-06,1.78025e-06,2.68722e-06,4.86652,1000.0,0.00129393,2.47895
"beta_off[11,1]",1.35408,0.256251,0.363518,0.506527,0.895714,1.33903,1.82968,4.45256,1000.0,0.00118387,3.38366
"beta_off[11,2]",1.87414e-06,3.59107e-07,5.47237e-07,4.9002e-07,1.19355e-06,1.64486e-06,2.85893e-06,4.76463,1000.0,0.00126684,2.68139
"beta_off[11,3]",1.77818e-06,9.91146e-08,2.63875e-07,2.41308e-07,1.46098e-06,1.71252e-06,2.29121e-06,6.15069,1000.0,0.00163538,1.75305
"beta_off[11,4]",3.11313,2.78637,3.95245,1.29866,0.202429,1.19225,9.90463,4.53572,1000.0,0.00120598,3.1999
"beta_off[11,5]",4.93118e-07,8.67673e-08,1.35e-07,1.74795e-07,3.10854e-07,4.93673e-07,7.36399e-07,4.48932,1000.0,0.00119364,3.29679
"beta_off[11,6]",1.87682e-06,2.16537e-07,3.61e-07,3.54073e-07,1.26624e-06,1.80802e-06,2.44262e-06,4.56936,1000.0,0.00121492,3.03191
"beta_off[11,7]",1.79574e-06,2.19227e-07,3.58084e-07,3.67271e-07,1.33355e-06,1.69509e-06,2.50988e-06,4.70842,1000.0,0.0012519,2.70892
"beta_off[11,8]",1.78312e-06,2.86999e-07,4.73271e-07,2.9158e-07,1.3548e-06,1.65268e-06,2.80482e-06,4.91945,1000.0,0.00130801,2.44463
"beta_off[12,1]",1.81926e-05,1.22677e-06,2.45942e-06,2.88226e-06,1.4758e-05,1.75224e-05,2.23446e-05,6.19606,1000.0,0.00164744,1.72827
"beta_off[12,2]",1.14556e-06,4.3355e-07,6.18624e-07,9.3129e-07,4.30927e-07,1.18418e-06,2.00738e-06,4.46819,1000.0,0.00118802,3.38351
"beta_off[12,3]",2.2085e-06,2.91556e-07,5.19486e-07,5.87179e-07,1.3544e-06,2.19059e-06,3.01673e-06,5.00427,1000.0,0.00133056,2.33504
"beta_off[12,4]",1.33193,0.659313,0.935229,1.04863,0.179099,1.22219,2.71198,4.44993,1000.0,0.00118317,3.46545
"beta_off[12,5]",8.05744e-07,1.14853e-07,2.09061e-07,1.33474e-07,4.39515e-07,8.99189e-07,1.08675e-06,5.69903,1000.0,0.00151529,1.91343
"beta_off[12,6]",1.58439e-06,2.89492e-07,4.58817e-07,3.5446e-07,9.91756e-07,1.39297e-06,2.53343e-06,4.8398,1000.0,0.00128683,2.49707
"beta_off[12,7]",1.63532e-06,3.83425e-07,6.04614e-07,4.66363e-07,6.64298e-07,1.74001e-06,2.57458e-06,4.66802,1000.0,0.00124116,2.77754
"beta_off[12,8]",2.85034e-06,4.70918e-07,7.66464e-07,4.90526e-07,1.90114e-06,2.65303e-06,4.67894e-06,4.96711,1000.0,0.00132068,2.39386
"beta_off[13,1]",2.2017,1.03455,1.46751,0.492288,1.05978,1.5042,4.71741,4.47669,1000.0,0.00119028,3.32939
"beta_off[13,2]",2.2801e-06,2.79992e-07,4.75338e-07,5.97167e-07,1.44383e-06,2.31845e-06,2.95912e-06,4.87326,1000.0,0.00129573,2.4675
"beta_off[13,3]",1.55021e-06,1.91439e-07,3.08433e-07,3.82497e-07,1.11498e-06,1.49824e-06,2.0995e-06,4.85668,1000.0,0.00129132,2.49115
"beta_off[13,4]",3.43239,1.54376,2.18981,1.96705,1.11387,2.88484,6.86223,4.48664,1000.0,0.00119293,3.25917
"beta_off[13,5]",7.89859e-07,1.12638e-07,1.94431e-07,1.61521e-07,5.55394e-07,7.34428e-07,1.21649e-06,4.63643,1000.0,0.00123276,2.8375
"beta_off[13,6]",1.90012e-06,2.98785e-07,4.65505e-07,6.06151e-07,1.2454e-06,1.77004e-06,2.65878e-06,4.62025,1000.0,0.00122846,2.87678
"beta_off[13,7]",2.00668e-06,3.76607e-07,5.73742e-07,6.13635e-07,1.00564e-06,2.18734e-06,2.73263e-06,4.4535,1000.0,0.00118412,3.35188
"beta_off[13,8]",2.19591e-06,1.99977e-07,3.71834e-07,4.00581e-07,1.63197e-06,2.16028e-06,2.8847e-06,5.07897,1000.0,0.00135042,2.25614
"beta_off[14,1]",3.73918e-05,5.69215e-06,8.80702e-06,5.18189e-06,2.8592e-05,3.30906e-05,5.75919e-05,4.75499,1000.0,0.00126428,2.6337
"beta_off[14,2]",1.25959e-06,2.33688e-07,3.3486e-07,3.00772e-07,8.36045e-07,1.18961e-06,1.82202e-06,4.34702,1000.0,0.00115581,3.95758
"beta_off[14,3]",1.04576e-06,1.96246e-07,2.9548e-07,4.08675e-07,6.46879e-07,9.94532e-07,1.51693e-06,4.48695,1000.0,0.00119301,3.28971
"beta_off[14,4]",4.23966,1.79206,2.54216,1.76438,0.0975507,4.97282,7.01995,4.50454,1000.0,0.00119769,3.30379
"beta_off[14,5]",4.3062e-07,5.53853e-08,1.28948e-07,9.66919e-08,2.88469e-07,3.94691e-07,7.48481e-07,5.23277,1000.0,0.00139132,2.1438
"beta_off[14,6]",1.28217e-06,1.85991e-07,2.88182e-07,3.07718e-07,8.67469e-07,1.29754e-06,1.83665e-06,4.5758,1000.0,0.00121664,3.04423
"beta_off[14,7]",1.46927e-06,2.62984e-07,4.27388e-07,4.40025e-07,9.92194e-07,1.37446e-06,2.34884e-06,4.6093,1000.0,0.00122554,2.89335
"beta_off[14,8]",1.16273e-06,1.038e-07,2.11515e-07,2.56404e-07,8.34176e-07,1.17512e-06,1.46694e-06,5.75872,1000.0,0.00153116,1.85331
"beta_off[15,1]",2.4037,0.275064,0.390201,0.447887,1.90326,2.36565,2.97541,4.35875,1000.0,0.00115893,3.80566
"beta_off[15,2]",1.25066e-06,1.18357e-07,2.27353e-07,2.08556e-07,9.71364e-07,1.21429e-06,1.71337e-06,5.36618,1000.0,0.00142679,2.08158
"beta_off[15,3]",1.55133e-06,2.96573e-07,4.78063e-07,3.59444e-07,9.47915e-07,1.39291e-06,2.5161e-06,4.62769,1000.0,0.00123043,2.86647
"beta_off[15,4]",1.79119,0.652908,0.926177,1.30601,0.669223,1.84043,2.79169,4.45046,1000.0,0.00118331,3.40795
"beta_off[15,5]",5.58856e-07,7.12423e-08,1.30385e-07,1.12523e-07,3.51493e-07,5.21257e-07,7.67558e-07,5.18693,1000.0,0.00137913,2.17074
"beta_off[15,6]",1.64006e-06,1.67629e-07,3.13289e-07,2.02468e-07,1.01538e-06,1.69593e-06,2.08189e-06,6.68256,1000.0,0.00177679,1.69468
"beta_off[15,7]",1.56775e-06,2.19677e-07,3.45266e-07,3.81587e-07,9.711e-07,1.61748e-06,2.06817e-06,4.86746,1000.0,0.00129418,2.4889
"beta_off[15,8]",1.83141e-06,2.2641e-07,3.81319e-07,4.24594e-07,1.32244e-06,1.77976e-06,2.49569e-06,5.14935,1000.0,0.00136913,2.21802
"beta_off[16,1]",8.41246e-06,1.01671e-06,1.53743e-06,2.29712e-06,5.95686e-06,8.00495e-06,1.07267e-05,4.50111,1000.0,0.00119678,3.20526
"beta_off[16,2]",1.76899e-06,2.09452e-07,4.01433e-07,3.74838e-07,1.0358e-06,1.78052e-06,2.57026e-06,4.67891,1000.0,0.00124405,2.75511
"beta_off[16,3]",1.60493e-06,5.4558e-07,7.92411e-07,7.25326e-07,6.83086e-07,1.3278e-06,2.93861e-06,4.58073,1000.0,0.00121795,3.01327
"beta_off[16,4]",2.70814,2.01052,2.85189,1.3868,0.0453931,1.63999,7.52212,4.49701,1000.0,0.00119569,3.21648
"beta_off[16,5]",1.07046e-06,1.32394e-07,2.10491e-07,2.36569e-07,7.44263e-07,1.01683e-06,1.36589e-06,4.81208,1000.0,0.00127946,2.5547
"beta_off[16,6]",2.02591e-06,2.72306e-07,5.62915e-07,3.01051e-07,1.45302e-06,1.78299e-06,3.33297e-06,5.13707,1000.0,0.00136587,2.24135
"beta_off[16,7]",1.86484e-06,1.47578e-07,3.89263e-07,2.28426e-07,1.47829e-06,1.74875e-06,2.80886e-06,5.92159,1000.0,0.00157446,1.80638
"beta_off[16,8]",1.96467e-06,3.35159e-07,5.42889e-07,7.89388e-07,1.1628e-06,2.05715e-06,2.84106e-06,4.74042,1000.0,0.00126041,2.64065
"beta_off[17,1]",1.19769e-05,2.87711e-06,4.3304e-06,3.66032e-06,7.17742e-06,1.07404e-05,2.00111e-05,4.54023,1000.0,0.00120718,3.12324
"beta_off[17,2]",1.38931e-06,3.37649e-07,5.04986e-07,4.31525e-07,6.6846e-07,1.27822e-06,2.23763e-06,4.42239,1000.0,0.00117585,3.46992
"beta_off[17,3]",1.04719e-06,1.3775e-07,2.9212e-07,1.94228e-07,7.34219e-07,9.85321e-07,1.79779e-06,5.0383,1000.0,0.00133961,2.28359
"beta_off[17,4]",0.615314,0.547869,0.777146,0.238832,0.035135,0.241406,1.95196,4.46708,1000.0,0.00118773,3.38739
"beta_off[17,5]",6.44657e-07,1.47182e-07,2.15063e-07,2.95215e-07,3.63201e-07,6.08584e-07,9.8375e-07,4.72997,1000.0,0.00125763,2.69274
"beta_off[17,6]",1.48326e-06,2.82966e-07,4.44671e-07,5.28652e-07,7.73285e-07,1.3999e-06,2.26167e-06,4.45377,1000.0,0.00118419,3.3901
"beta_off[17,7]",1.61732e-06,3.32644e-07,5.11281e-07,2.27891e-07,1.11126e-06,1.38302e-06,2.83524e-06,4.87842,1000.0,0.0012971,2.4542
"beta_off[17,8]",2.27943e-06,3.46355e-07,5.48207e-07,7.58366e-07,1.41551e-06,2.31139e-06,3.03253e-06,4.92857,1000.0,0.00131043,2.41215
"beta_off[18,1]",1.66173,0.496482,0.70429,0.393934,0.482696,1.91578,2.34821,4.41369,1000.0,0.00117353,3.60104
"beta_off[18,2]",2.19153e-06,3.22151e-07,5.72941e-07,4.59822e-07,1.38265e-06,2.12465e-06,3.59875e-06,4.62945,1000.0,0.0012309,2.87489
"beta_off[18,3]",1.51264e-06,2.18095e-07,3.98807e-07,3.98589e-07,8.39118e-07,1.57617e-06,2.14533e-06,4.91036,1000.0,0.00130559,2.43241
"beta_off[18,4]",3.7277,3.81773,5.41537,1.09835,0.0991755,0.878749,13.0739,4.34187,1000.0,0.00115444,3.95449
"beta_off[18,5]",1.03785e-06,1.58375e-07,2.41065e-07,1.65429e-07,6.31595e-07,1.07855e-06,1.42143e-06,4.62849,1000.0,0.00123065,2.8738
"beta_off[18,6]",2.6937e-06,3.11097e-07,5.22132e-07,5.01106e-07,1.76471e-06,2.82308e-06,3.47621e-06,4.75859,1000.0,0.00126524,2.64823
"beta_off[18,7]",2.81898e-06,4.00189e-07,6.5222e-07,8.16283e-07,1.72228e-06,2.80208e-06,3.83963e-06,4.57343,1000.0,0.00121601,3.00937
"beta_off[18,8]",2.6507e-06,6.23026e-07,9.22491e-07,5.03398e-07,1.6663e-06,2.21877e-06,4.30157e-06,5.27526,1000.0,0.00140261,2.12895
"beta_off[19,1]",1.18193e-05,1.0171e-06,1.95951e-06,1.87181e-06,8.97839e-06,1.18484e-05,1.53542e-05,5.92576,1000.0,0.00157557,1.80726
"beta_off[19,2]",3.49876e-06,2.60179e-07,5.13298e-07,5.20226e-07,2.69043e-06,3.4999e-06,4.48256e-06,5.59831,1000.0,0.00148851,1.93272
"beta_off[19,3]",1.58347e-06,2.95253e-07,4.42559e-07,2.71496e-07,6.6934e-07,1.72909e-06,2.08687e-06,4.83288,1000.0,0.00128499,2.54891
"beta_off[19,4]",1.77584,0.727553,1.03212,0.913571,0.529689,1.59161,3.41787,4.44237,1000.0,0.00118116,3.46045
"beta_off[19,5]",1.09288e-06,7.51435e-08,1.88915e-07,2.27327e-07,8.20369e-07,1.09051e-06,1.42718e-06,5.38363,1000.0,0.00143143,2.03429
"beta_off[19,6]",2.11378e-06,2.75025e-07,5.11409e-07,5.57024e-07,1.4363e-06,2.03056e-06,3.23886e-06,4.66269,1000.0,0.00123974,2.77421
"beta_off[19,7]",2.43365e-06,3.80142e-07,6.11621e-07,6.64063e-07,1.5481e-06,2.38465e-06,3.62727e-06,4.54476,1000.0,0.00120838,3.06634
"beta_off[19,8]",2.08423e-06,6.22898e-07,9.06497e-07,9.80299e-07,7.72959e-07,2.32807e-06,3.4163e-06,4.47349,1000.0,0.00118944,3.28887
"beta_off[20,1]",1.51432e-05,2.408e-06,3.89263e-06,3.10166e-06,1.12538e-05,1.37108e-05,2.33777e-05,4.86811,1000.0,0.00129436,2.49343
"beta_off[20,2]",1.76065e-06,1.7782e-07,3.20603e-07,3.42587e-07,1.31804e-06,1.74317e-06,2.40427e-06,5.06569,1000.0,0.00134689,2.26594
"beta_off[20,3]",1.16143e-06,1.56225e-07,2.66785e-07,3.12744e-07,7.93819e-07,1.11158e-06,1.55201e-06,4.8369,1000.0,0.00128606,2.49524
"beta_off[20,4]",1.69148,0.941801,1.33594,1.20736,0.322957,1.33674,3.77553,4.34719,1000.0,0.00115585,3.96229
"beta_off[20,5]",6.30081e-07,8.97667e-08,1.34687e-07,9.11616e-08,4.22745e-07,5.83417e-07,8.48815e-07,4.98433,1000.0,0.00132526,2.36855
"beta_off[20,6]",1.83595e-06,3.10905e-07,4.97475e-07,4.4188e-07,1.26997e-06,1.72986e-06,2.9596e-06,4.73018,1000.0,0.00125768,2.67947
"beta_off[20,7]",1.33414e-06,1.35535e-07,2.74417e-07,2.778e-07,9.13268e-07,1.35194e-06,1.87416e-06,5.75289,1000.0,0.00152961,1.87623
"beta_off[20,8]",1.41488e-06,2.30242e-07,3.6609e-07,4.5537e-07,8.65534e-07,1.38334e-06,2.03576e-06,4.62989,1000.0,0.00123102,2.88907
"beta_off[21,1]",1.48969e-05,2.56289e-06,3.87998e-06,2.04376e-06,1.1082e-05,1.30011e-05,2.14806e-05,4.69736,1000.0,0.00124896,2.72126
"beta_off[21,2]",1.9401e-06,1.54224e-07,2.98141e-07,2.08071e-07,1.52612e-06,1.87677e-06,2.51933e-06,5.18921,1000.0,0.00137973,2.19389
"beta_off[21,3]",1.71779e-06,2.28148e-07,3.44993e-07,4.3482e-07,1.12296e-06,1.67311e-06,2.30595e-06,4.68714,1000.0,0.00124624,2.7476
"beta_off[21,4]",1.8806,1.21365,1.72155,1.93731,0.130762,1.54538,4.30074,4.33067,1000.0,0.00115146,4.03201
"beta_off[21,5]",7.36205e-07,1.12257e-07,1.79786e-07,1.55769e-07,4.77936e-07,7.59898e-07,1.07167e-06,4.68776,1000.0,0.0012464,2.74285
"beta_off[21,6]",1.87636e-06,3.58922e-07,5.32714e-07,6.99254e-07,1.17938e-06,1.66342e-06,2.62862e-06,4.67401,1000.0,0.00124275,2.81806
"beta_off[21,7]",1.91508e-06,5.84886e-07,8.61867e-07,1.02373e-06,6.38573e-07,2.14797e-06,3.11182e-06,4.41401,1000.0,0.00117362,3.6002
"beta_off[21,8]",1.88383e-06,1.35252e-07,3.56142e-07,3.19476e-07,1.30569e-06,1.81077e-06,2.58229e-06,5.23049,1000.0,0.00139071,2.14018
"beta_off[22,1]",1.37518e-05,1.51886e-06,2.54755e-06,3.11295e-06,9.80794e-06,1.39839e-05,1.77709e-05,5.11656,1000.0,0.00136042,2.21933
"beta_off[22,2]",2.90722e-06,2.09411e-07,4.83004e-07,5.3871e-07,2.27811e-06,2.82323e-06,3.78749e-06,5.15587,1000.0,0.00137087,2.17766
"beta_off[22,3]",2.05447e-06,3.06523e-07,4.70153e-07,5.25337e-07,1.43262e-06,1.85754e-06,2.73444e-06,4.60419,1000.0,0.00122419,2.92233
"beta_off[22,4]",2.94573,1.04858,1.48761,1.23227,0.593919,3.2905,4.64424,4.44858,1000.0,0.00118281,3.46955
"beta_off[22,5]",8.10238e-07,2.32227e-07,3.57109e-07,3.68662e-07,3.44222e-07,8.47108e-07,1.48579e-06,4.59315,1000.0,0.00122125,2.95035
"beta_off[22,6]",2.2777e-06,4.40539e-07,7.68205e-07,6.08965e-07,1.03098e-06,2.29337e-06,3.69618e-06,4.5898,1000.0,0.00122036,2.94892
"beta_off[22,7]",2.60274e-06,2.69243e-07,5.88904e-07,4.94118e-07,1.8393e-06,2.59662e-06,3.87591e-06,5.13932,1000.0,0.00136647,2.19413
"beta_off[22,8]",3.26488e-06,3.27479e-07,6.04165e-07,6.83128e-07,2.21434e-06,3.36111e-06,4.03982e-06,5.08155,1000.0,0.00135111,2.24773
"beta_off[23,1]",9.99253e-06,1.24455e-06,2.03409e-06,1.87452e-06,7.06984e-06,9.97197e-06,1.43986e-05,4.90044,1000.0,0.00130295,2.45129
"beta_off[23,2]",1.74183e-06,3.1833e-07,5.08039e-07,7.01907e-07,9.58301e-07,1.69713e-06,2.4616e-06,4.70251,1000.0,0.00125033,2.71607
"beta_off[23,3]",2.40149e-06,2.70399e-07,4.77275e-07,5.2025e-07,1.64004e-06,2.45087e-06,3.16285e-06,5.14239,1000.0,0.00136728,2.20688
"beta_off[23,4]",4.76356,2.98748,4.23772,4.97976,0.353405,4.04642,10.6053,4.4429,1000.0,0.0011813,3.41056
"beta_off[23,5]",4.77354e-07,1.05635e-07,1.69729e-07,1.87591e-07,2.44327e-07,4.65421e-07,7.38971e-07,4.58121,1000.0,0.00121807,3.00574
"beta_off[23,6]",2.05376e-06,4.47357e-07,6.48629e-07,8.63039e-07,1.1548e-06,2.10598e-06,3.00223e-06,4.75248,1000.0,0.00126361,2.62064
"beta_off[23,7]",1.71216e-06,1.27393e-07,2.49944e-07,2.42154e-07,1.2541e-06,1.73581e-06,2.05366e-06,5.2738,1000.0,0.00140222,2.12754
"beta_off[23,8]",1.67445e-06,5.06055e-07,7.49533e-07,9.11602e-07,5.15861e-07,1.85964e-06,2.64265e-06,4.35348,1000.0,0.00115753,3.93155
"beta_off[24,1]",1.0821,1.04878,1.48767,0.289403,0.0811041,0.298827,3.6526,4.44069,1000.0,0.00118071,3.52281
"beta_off[24,2]",2.17621e-06,2.49636e-07,5.15459e-07,4.44762e-07,1.51968e-06,2.06743e-06,3.27991e-06,5.00615,1000.0,0.00133106,2.31778
"beta_off[24,3]",1.38078e-06,1.17034e-07,2.16328e-07,2.23545e-07,1.04039e-06,1.39188e-06,1.71128e-06,5.09758,1000.0,0.00135537,2.24104
"beta_off[24,4]",1.04634,0.618468,0.877284,0.386765,0.300971,0.676101,2.53366,4.61094,1000.0,0.00122598,2.92993
"beta_off[24,5]",1.3213e-06,1.37138e-07,2.39164e-07,2.99093e-07,9.95741e-07,1.24879e-06,1.70133e-06,5.39479,1000.0,0.00143439,2.02211
"beta_off[24,6]",3.34268e-06,7.03814e-07,1.03906e-06,7.87669e-07,2.25487e-06,2.96068e-06,5.31355e-06,4.70008,1000.0,0.00124968,2.72101
"beta_off[24,7]",2.15519e-06,1.87463e-07,2.92577e-07,3.42026e-07,1.67875e-06,2.20831e-06,2.56864e-06,4.98345,1000.0,0.00132503,2.41358
"beta_off[24,8]",3.13347e-06,4.60329e-07,8.27015e-07,6.0532e-07,1.66477e-06,3.04225e-06,4.98165e-06,4.5956,1000.0,0.0012219,2.95339
"beta_off[25,1]",2.18695e-05,6.64751e-06,9.45645e-06,9.94971e-06,9.5031e-06,1.97849e-05,3.68389e-05,4.35416,1000.0,0.00115771,3.89499
"beta_off[25,2]",1.47843e-06,2.45168e-07,4.13474e-07,3.87692e-07,6.89462e-07,1.40595e-06,2.12509e-06,4.61715,1000.0,0.00122763,2.87165
"beta_off[25,3]",4.54265e-07,1.61869e-07,2.33202e-07,2.43321e-07,7.7097e-08,5.03429e-07,7.52592e-07,4.54371,1000.0,0.00120811,3.05434
"beta_off[25,4]",1.93507e-05,1.8734e-06,3.6104e-06,3.18986e-06,1.3698e-05,1.87677e-05,2.59736e-05,4.90094,1000.0,0.00130309,2.42848
"beta_off[25,5]",7.35945e-07,1.7774e-07,2.75281e-07,3.58249e-07,3.95048e-07,6.95671e-07,1.16644e-06,4.64152,1000.0,0.00123411,2.94602
"beta_off[25,6]",2.05869e-06,7.94946e-07,1.21112e-06,8.56847e-07,8.01386e-07,1.69553e-06,4.75817e-06,4.34987,1000.0,0.00115657,3.83638
"beta_off[25,7]",4.01367e-06,7.86612e-07,1.26606e-06,1.33424e-06,2.48524e-06,3.54907e-06,5.78629e-06,5.27724,1000.0,0.00140314,2.30252
"beta_off[25,8]",1.09812e-06,1.40875e-07,2.23817e-07,2.26332e-07,7.17179e-07,1.15614e-06,1.39375e-06,4.81865,1000.0,0.00128121,2.57118
"beta_off[26,1]",8.3317e-06,1.46936e-06,2.42535e-06,2.38515e-06,5.36957e-06,7.56408e-06,1.26265e-05,4.81711,1000.0,0.0012808,2.53633
"beta_off[26,2]",1.50504e-06,2.07424e-07,3.50644e-07,3.01906e-07,9.62814e-07,1.39686e-06,2.10232e-06,4.75374,1000.0,0.00126395,2.68154
"beta_off[26,3]",6.10015e-07,9.23405e-08,1.49976e-07,1.12486e-07,3.67276e-07,6.31919e-07,8.72654e-07,4.93912,1000.0,0.00131324,2.39018
"beta_off[26,4]",1.76897e-05,2.31498e-06,3.64013e-06,3.84928e-06,1.31373e-05,1.66232e-05,2.39661e-05,4.88246,1000.0,0.00129817,2.46494
"beta_off[26,5]",6.66423e-07,7.223e-08,1.30741e-07,1.73831e-07,4.94992e-07,6.53507e-07,8.73132e-07,5.51198,1000.0,0.00146555,2.00153
"beta_off[26,6]",9.35819e-07,1.35376e-07,2.07747e-07,2.76069e-07,5.73578e-07,9.02056e-07,1.26786e-06,4.70857,1000.0,0.00125194,2.70319
"beta_off[26,7]",2.09512e-06,5.88174e-08,2.20966e-07,1.86214e-07,1.64125e-06,2.12217e-06,2.41518e-06,7.41291,1000.0,0.00197098,1.51859
"beta_off[26,8]",9.64563e-07,1.94763e-07,2.88388e-07,3.56917e-07,6.06753e-07,9.37526e-07,1.47982e-06,4.58286,1000.0,0.00121851,2.97578
"beta_off[27,1]",1.81226e-05,2.24279e-06,3.8699e-06,3.42187e-06,1.12465e-05,1.7364e-05,2.38637e-05,5.0685,1000.0,0.00134764,2.28002
"beta_off[27,2]",1.58812e-06,2.49536e-07,3.78254e-07,4.32221e-07,9.16878e-07,1.62246e-06,2.11813e-06,4.44176,1000.0,0.001181,3.40039
"beta_off[27,3]",8.39409e-07,1.0511e-07,1.91657e-07,2.15141e-07,4.78903e-07,8.49295e-07,1.11977e-06,4.94314,1000.0,0.00131431,2.39418
"beta_off[27,4]",2.58325,1.64724,2.33659,2.74626,0.108062,2.20771,5.81578,4.42469,1000.0,0.00117646,3.48989
"beta_off[27,5]",5.74856e-07,1.14375e-07,1.89768e-07,8.26969e-08,4.0419e-07,4.68125e-07,9.34376e-07,5.35068,1000.0,0.00142266,2.0742
"beta_off[27,6]",1.60667e-06,3.05779e-07,5.20079e-07,5.71973e-07,7.73873e-07,1.52022e-06,2.65843e-06,4.59511,1000.0,0.00122177,2.93415
"beta_off[27,7]",3.10437e-06,3.2035e-07,6.00152e-07,3.94754e-07,2.25334e-06,3.04467e-06,4.36359e-06,4.79493,1000.0,0.0012749,2.56871
"beta_off[27,8]",1.33116e-06,7.96462e-08,2.45435e-07,2.43796e-07,9.58481e-07,1.31104e-06,1.80201e-06,5.98721,1000.0,0.00159191,1.77612
"beta_off[28,1]",9.75827e-06,1.23441e-06,2.11306e-06,2.41919e-06,6.28436e-06,9.8692e-06,1.30481e-05,4.75073,1000.0,0.00126315,2.64894
"beta_off[28,2]",2.29324e-06,4.10206e-07,6.42499e-07,4.68013e-07,1.5853e-06,2.01531e-06,3.38191e-06,4.85297,1000.0,0.00129033,2.53106
"beta_off[28,3]",1.31335e-06,1.30778e-07,2.25127e-07,1.94836e-07,1.02523e-06,1.2466e-06,1.81418e-06,4.66759,1000.0,0.00124104,2.78399
"beta_off[28,4]",1.52152e-05,2.70464e-06,4.33347e-06,1.99419e-06,1.1098e-05,1.35587e-05,2.50878e-05,5.27978,1000.0,0.00140381,2.10383
"beta_off[28,5]",7.12734e-07,9.98052e-08,1.7949e-07,1.9639e-07,4.66089e-07,7.24539e-07,1.09104e-06,4.77877,1000.0,0.0012706,2.58694
"beta_off[28,6]",1.38009e-06,1.54294e-07,2.79049e-07,1.7581e-07,7.83157e-07,1.38769e-06,1.84197e-06,5.11761,1000.0,0.0013607,2.22246
"beta_off[28,7]",2.85379e-06,3.35339e-07,5.78506e-07,4.58745e-07,2.01692e-06,2.82565e-06,4.06255e-06,4.80185,1000.0,0.00127674,2.58071
"beta_off[28,8]",9.96084e-07,1.18265e-07,2.42515e-07,1.74328e-07,6.85191e-07,9.35255e-07,1.59609e-06,4.96117,1000.0,0.0013191,2.3833
"beta_off[29,1]",0.518619,0.323317,0.458629,0.233546,0.0693689,0.357374,1.289,4.39067,1000.0,0.00116741,3.67785
"beta_off[29,2]",2.20321e-06,4.30359e-07,6.29664e-07,3.77255e-07,1.30739e-06,2.00761e-06,3.34812e-06,4.42981,1000.0,0.00117782,3.50784
"beta_off[29,3]",7.70947e-07,1.04413e-07,1.58794e-07,1.16296e-07,5.31791e-07,7.28252e-07,1.0663e-06,4.7223,1000.0,0.00125559,2.69231
"beta_off[29,4]",8.78282e-06,1.73094e-06,2.78932e-06,2.99349e-06,4.6722e-06,9.5026e-06,1.28566e-05,4.92609,1000.0,0.00130977,2.40515
"beta_off[29,5]",5.83276e-07,1.47271e-07,2.21006e-07,2.64727e-07,2.86954e-07,5.8434e-07,9.76248e-07,4.45242,1000.0,0.00118383,3.3851
"beta_off[29,6]",1.86074e-06,2.05882e-07,3.35549e-07,4.03213e-07,1.39272e-06,1.76096e-06,2.38509e-06,5.22606,1000.0,0.00138953,2.13172
"beta_off[29,7]",2.91036e-06,4.30068e-07,6.95548e-07,7.67439e-07,1.74812e-06,3.10647e-06,3.89085e-06,4.9299,1000.0,0.00131079,2.40329
"beta_off[29,8]",1.14776e-06,2.56654e-07,3.83503e-07,2.62543e-07,3.79096e-07,1.27463e-06,1.62059e-06,4.90122,1000.0,0.00130316,2.45047
"beta_off[30,1]",1.24418,0.765966,1.08653,0.432865,0.254978,0.813767,3.09475,4.37965,1000.0,0.00116448,3.73558
"beta_off[30,2]",1.81526e-06,3.78189e-07,5.6864e-07,5.02676e-07,1.04741e-06,1.647e-06,2.7936e-06,4.53518,1000.0,0.00120584,3.10072
"beta_off[30,3]",1.18271e-06,4.06566e-07,5.81696e-07,6.08412e-07,5.24757e-07,1.02971e-06,2.15853e-06,4.41163,1000.0,0.00117299,3.56852
"beta_off[30,4]",2.7001,2.48225,3.52104,0.0311759,0.637997,0.680611,8.82415,4.41185,1000.0,0.00117305,3.56228
"beta_off[30,5]",6.99319e-07,1.27586e-07,1.88334e-07,1.85627e-07,3.7435e-07,7.37981e-07,9.65156e-07,4.54726,1000.0,0.00120905,3.07297
"beta_off[30,6]",2.24917e-06,4.123e-07,6.66888e-07,4.73563e-07,1.52608e-06,2.01814e-06,3.77071e-06,4.62496,1000.0,0.00122971,2.88448
"beta_off[30,7]",4.60973e-06,8.49671e-07,1.24032e-06,9.38253e-07,2.48141e-06,5.06866e-06,6.00546e-06,4.61109,1000.0,0.00122602,2.92673
"beta_off[30,8]",2.02985e-06,4.87274e-07,7.13385e-07,7.24358e-07,7.37917e-07,2.11326e-06,2.87075e-06,4.53761,1000.0,0.00120648,3.11774
"beta_off[31,1]",1.41562e-05,9.86358e-07,1.95478e-06,1.56256e-06,9.36807e-06,1.43868e-05,1.63789e-05,5.17646,1000.0,0.00137634,2.16009
"beta_off[31,2]",4.11562e-06,3.44102e-07,6.68732e-07,7.44171e-07,3.01246e-06,4.16704e-06,5.23411e-06,4.83989,1000.0,0.00128685,2.54496
"beta_off[31,3]",4.30896e-06,5.68876e-07,1.07447e-06,8.9389e-07,2.8924e-06,4.07222e-06,6.14825e-06,4.74682,1000.0,0.00126211,2.64903
"beta_off[31,4]",2.82019,0.896248,1.27132,1.39299,1.20637,2.68392,4.70361,4.53509,1000.0,0.00120581,3.18457
"beta_off[31,5]",1.27466e-06,2.57503e-07,3.91083e-07,5.24236e-07,7.5083e-07,1.1989e-06,1.85581e-06,4.67608,1000.0,0.0012433,2.84224
"beta_off[31,6]",2.49961e-06,3.34394e-07,5.61401e-07,7.17325e-07,1.6663e-06,2.41437e-06,3.39995e-06,4.91567,1000.0,0.001307,2.41927
"beta_off[31,7]",3.71603e-06,6.17799e-07,9.78967e-07,1.3339e-06,2.22584e-06,3.53109e-06,5.15551e-06,4.53702,1000.0,0.00120633,3.0939
"beta_off[31,8]",2.6513e-06,2.02096e-07,4.22672e-07,3.71505e-07,1.78492e-06,2.73001e-06,3.26894e-06,5.35387,1000.0,0.00142351,2.05306
"beta_off[32,1]",1.043e-05,1.73695e-06,2.84604e-06,3.39009e-06,5.86807e-06,9.88483e-06,1.4711e-05,4.66524,1000.0,0.00124042,2.79797
"beta_off[32,2]",2.5339e-06,4.53324e-07,6.86165e-07,7.63536e-07,1.45342e-06,2.4169e-06,3.60186e-06,4.54566,1000.0,0.00120862,3.09783
"beta_off[32,3]",3.14398e-06,5.16939e-07,7.90998e-07,1.08935e-06,1.9755e-06,3.0393e-06,4.28767e-06,4.58039,1000.0,0.00121786,3.02985
"beta_off[32,4]",2.10693e-05,4.39312e-06,6.46718e-06,5.01662e-06,1.32638e-05,1.96432e-05,3.33532e-05,4.59834,1000.0,0.00122263,2.93847
"beta_off[32,5]",6.04657e-07,4.6492e-08,1.0119e-07,1.14693e-07,4.36887e-07,6.16283e-07,7.61776e-07,5.65067,1000.0,0.00150243,1.91221
"beta_off[32,6]",2.03476e-06,4.14394e-07,6.08985e-07,8.86728e-07,1.16161e-06,2.11687e-06,2.91883e-06,4.40201,1000.0,0.00117043,3.61592
"beta_off[32,7]",3.71431e-06,2.84628e-07,5.66514e-07,6.0302e-07,2.87968e-06,3.60395e-06,4.7526e-06,4.92812,1000.0,0.00131031,2.38793
"beta_off[32,8]",1.53424e-06,2.70621e-07,4.45104e-07,5.75475e-07,8.55212e-07,1.42993e-06,2.2307e-06,4.68037,1000.0,0.00124444,2.75361
"beta_off[33,1]",1.03336e-05,2.40753e-06,3.54274e-06,4.17116e-06,5.30779e-06,9.70424e-06,1.56906e-05,4.41913,1000.0,0.00117498,3.53111
"beta_off[33,2]",2.1325e-06,1.89024e-07,3.47952e-07,4.32168e-07,1.67614e-06,2.07543e-06,2.66752e-06,5.14684,1000.0,0.00136847,2.19871
"beta_off[33,3]",3.53401e-06,6.48437e-07,9.95148e-07,5.86226e-07,2.59648e-06,3.12724e-06,5.82571e-06,5.33144,1000.0,0.00141755,2.10487
"beta_off[33,4]",3.08909e-05,3.21309e-06,5.05573e-06,7.88308e-06,2.44195e-05,3.09517e-05,3.75468e-05,4.86721,1000.0,0.00129412,2.47555
"beta_off[33,5]",7.64572e-07,1.20489e-07,1.84545e-07,2.65923e-07,5.32267e-07,7.57672e-07,1.04514e-06,4.82595,1000.0,0.00128315,2.50838
"beta_off[33,6]",2.17395e-06,4.74031e-07,7.72743e-07,8.71588e-07,1.15524e-06,2.11417e-06,3.69297e-06,4.51998,1000.0,0.00120179,3.11283
"beta_off[33,7]",2.90346e-06,9.8867e-07,1.41243e-06,2.06906e-06,1.08659e-06,2.9813e-06,4.5253e-06,4.69489,1000.0,0.0012483,2.7303
"beta_off[33,8]",2.07978e-06,5.18518e-07,7.85651e-07,4.13592e-07,8.09764e-07,2.31822e-06,3.28394e-06,4.82568,1000.0,0.00128308,2.54991
"beta_off[34,1]",1.26599e-05,2.59675e-06,3.9746e-06,4.45146e-06,7.2454e-06,1.14524e-05,1.91756e-05,4.54412,1000.0,0.00120821,3.09957
"beta_off[34,2]",1.59968e-06,5.29895e-07,7.86222e-07,9.89252e-07,4.84042e-07,1.60738e-06,2.84245e-06,4.43485,1000.0,0.00117916,3.417
"beta_off[34,3]",8.46731e-06,1.0872e-06,2.18135e-06,1.85968e-06,4.58638e-06,8.59839e-06,1.20091e-05,4.92111,1000.0,0.00130845,2.40699
"beta_off[34,4]",2.03134e-05,2.81601e-06,4.31506e-06,5.15372e-06,1.46991e-05,1.89888e-05,2.87057e-05,4.79422,1000.0,0.00127471,2.56929
"beta_off[34,5]",8.10384e-07,9.84854e-08,2.16805e-07,2.20525e-07,5.77084e-07,7.74283e-07,1.2362e-06,6.09935,1000.0,0.00162173,1.77202
"beta_off[34,6]",2.62681e-06,3.06961e-07,5.66947e-07,5.01295e-07,1.76953e-06,2.70638e-06,3.80187e-06,4.80648,1000.0,0.00127797,2.55058
"beta_off[34,7]",6.33557e-06,6.87345e-07,1.3613e-06,1.03805e-06,4.87691e-06,5.89248e-06,9.34766e-06,5.40814,1000.0,0.00143794,2.01184
"beta_off[34,8]",2.59808e-06,7.01711e-07,1.11628e-06,1.59174e-06,1.25041e-06,2.50879e-06,4.54005e-06,4.70775,1000.0,0.00125172,2.73252
"beta_off[35,1]",3.366e-05,5.02185e-06,8.75776e-06,1.00075e-05,2.06884e-05,3.24649e-05,4.90004e-05,4.79266,1000.0,0.0012743,2.56135
"beta_off[35,2]",2.6127e-06,2.22757e-07,4.17358e-07,4.05879e-07,1.90975e-06,2.69257e-06,3.23659e-06,4.86836,1000.0,0.00129442,2.45845
"beta_off[35,3]",3.61823e-06,5.27402e-07,8.31012e-07,8.65042e-07,2.1674e-06,3.66049e-06,4.83589e-06,4.49672,1000.0,0.00119561,3.23576
"beta_off[35,4]",3.38108,1.48901,2.11225,1.59512,1.16235,2.78938,6.83725,4.31954,1000.0,0.0011485,4.06767
"beta_off[35,5]",1.38052e-06,2.07542e-07,3.033e-07,3.80679e-07,8.77456e-07,1.44545e-06,1.74533e-06,4.71943,1000.0,0.00125483,2.73265
"beta_off[35,6]",2.29689e-06,3.77463e-07,5.62882e-07,4.31317e-07,1.29198e-06,2.56459e-06,2.95257e-06,4.75656,1000.0,0.0012647,2.64464
"beta_off[35,7]",5.09106e-06,5.06546e-07,1.03979e-06,9.47753e-07,3.31011e-06,5.10215e-06,6.84262e-06,5.17685,1000.0,0.00137645,2.16604
"beta_off[35,8]",2.4912e-06,4.91871e-07,7.30494e-07,1.00158e-06,1.421e-06,2.29222e-06,3.62589e-06,4.55091,1000.0,0.00121002,3.06122
"beta_off[36,1]",4.7103,2.39919,3.40322,4.98262,0.988694,4.73066,8.40221,4.44079,1000.0,0.00118074,3.49352
"beta_off[36,2]",6.42856e-06,1.16022e-06,1.92833e-06,2.42667e-06,3.70006e-06,6.02362e-06,9.57389e-06,4.60876,1000.0,0.0012254,2.92139
"beta_off[36,3]",5.44256e-06,2.56169e-07,7.88376e-07,8.76101e-07,4.06956e-06,5.55802e-06,6.52393e-06,5.59589,1000.0,0.00148786,1.94629
"beta_off[36,4]",3.32489,3.64584,5.17154,0.377903,0.142389,0.440307,12.2834,4.45294,1000.0,0.00118397,3.44683
"beta_off[36,5]",1.26872e-06,7.4565e-08,2.09365e-07,2.39546e-07,8.87423e-07,1.29108e-06,1.5828e-06,6.82756,1000.0,0.00181535,1.60717
"beta_off[36,6]",6.70684e-06,1.24901e-06,1.87866e-06,1.25331e-06,4.5023e-06,6.04177e-06,1.02491e-05,4.80397,1000.0,0.0012773,2.56236
"beta_off[36,7]",4.14077e-06,8.36565e-07,1.24595e-06,9.93778e-07,2.13681e-06,4.69129e-06,5.48489e-06,4.94656,1000.0,0.00131522,2.39064
"beta_off[36,8]",4.04152e-06,5.51455e-07,1.00179e-06,1.16268e-06,2.39672e-06,3.9779e-06,5.74608e-06,4.93634,1000.0,0.0013125,2.38236
"beta_def[1,1]",1.75356e-05,3.05229e-06,4.85803e-06,5.00629e-06,9.39906e-06,1.8446e-05,2.59888e-05,4.43479,1000.0,0.00117915,3.42027
"beta_def[1,2]",3.46351e-06,4.95979e-07,7.81363e-07,8.05558e-07,2.22808e-06,3.70813e-06,4.53285e-06,4.56907,1000.0,0.00121485,3.01936
"beta_def[1,3]",2.19677e-06,3.42167e-07,5.16954e-07,6.5938e-07,1.50482e-06,2.0726e-06,3.04905e-06,4.59773,1000.0,0.00122247,3.06743
"beta_def[1,4]",1.71916,1.16061,1.64632,1.92889,0.112932,1.42115,3.93456,4.34987,1000.0,0.00115657,3.91218
"beta_def[1,5]",1.66223e-06,1.54066e-07,2.84818e-07,3.16117e-07,1.19486e-06,1.64514e-06,2.08991e-06,4.79408,1000.0,0.00127467,2.60591
"beta_def[1,6]",4.34455e-06,5.37174e-07,9.04704e-07,5.30346e-07,3.14539e-06,4.11062e-06,6.62091e-06,4.63738,1000.0,0.00123301,2.85579
"beta_def[1,7]",3.33999e-06,3.43726e-07,8.10377e-07,7.90877e-07,2.31548e-06,3.21161e-06,5.09205e-06,5.10895,1000.0,0.00135839,2.22018
"beta_def[1,8]",1.41538e-06,1.91482e-07,3.29472e-07,2.83819e-07,9.20893e-07,1.4093e-06,1.98925e-06,4.69442,1000.0,0.00124817,2.73125
"beta_def[2,1]",1.0403e-05,1.81925e-06,2.91595e-06,3.275e-06,6.38735e-06,9.15136e-06,1.51244e-05,4.9326,1000.0,0.00131151,2.40255
"beta_def[2,2]",1.69987e-06,4.55159e-07,7.0844e-07,6.3773e-07,6.89734e-07,1.48768e-06,2.91109e-06,4.64825,1000.0,0.0012359,2.86272
"beta_def[2,3]",1.68977e-06,1.28484e-07,3.0388e-07,2.04424e-07,1.22446e-06,1.64458e-06,2.3407e-06,5.49739,1000.0,0.00146167,1.99825
"beta_def[2,4]",0.000377552,4.91981e-05,8.36255e-05,8.99193e-05,0.000227647,0.000394577,0.000508952,4.612,1000.0,0.00122626,2.93163
"beta_def[2,5]",9.25113e-07,1.41117e-07,2.53038e-07,3.11804e-07,5.72466e-07,8.65726e-07,1.31248e-06,4.81065,1000.0,0.00127908,2.56778
"beta_def[2,6]",1.68638e-06,4.35787e-07,6.56308e-07,7.89523e-07,9.2798e-07,1.60763e-06,2.87446e-06,4.7672,1000.0,0.00126753,3.02273
"beta_def[2,7]",2.75346e-06,3.14929e-07,4.97641e-07,6.11378e-07,1.96407e-06,2.79379e-06,3.47072e-06,4.75159,1000.0,0.00126338,2.65944
"beta_def[2,8]",1.50805e-06,1.57196e-07,2.7082e-07,2.12357e-07,1.0598e-06,1.49027e-06,2.04982e-06,4.77595,1000.0,0.00126985,2.60617
"beta_def[3,1]",4.53144,1.72615,2.44851,1.22787,0.412308,5.44828,6.80323,4.37381,1000.0,0.00116293,3.76373
"beta_def[3,2]",2.46532e-06,3.43572e-07,5.59641e-07,5.91196e-07,1.67808e-06,2.35218e-06,3.62652e-06,4.59876,1000.0,0.00122274,2.91852
"beta_def[3,3]",2.06943e-06,3.1342e-07,4.87511e-07,3.93564e-07,1.31317e-06,2.19268e-06,2.7433e-06,4.68513,1000.0,0.00124571,2.7398
"beta_def[3,4]",2.29946,0.796102,1.12928,0.82219,1.1719,1.94624,4.15073,4.4727,1000.0,0.00118922,3.35723
"beta_def[3,5]",2.39211e-06,1.451e-07,4.11598e-07,2.82991e-07,1.97818e-06,2.3086e-06,3.42692e-06,6.90102,1000.0,0.00183488,1.58788
"beta_def[3,6]",2.74617e-06,2.47583e-07,5.3971e-07,5.04086e-07,2.07085e-06,2.73825e-06,3.88757e-06,4.95603,1000.0,0.00131773,2.37598
"beta_def[3,7]",2.752e-06,4.55622e-07,7.59894e-07,1.02554e-06,1.68941e-06,2.88376e-06,3.92165e-06,4.98208,1000.0,0.00132466,2.36747
"beta_def[3,8]",2.19019e-06,4.53479e-07,6.68606e-07,4.32089e-07,1.02183e-06,2.42015e-06,3.09286e-06,4.52707,1000.0,0.00120368,3.11905
"beta_def[4,1]",1.05167e-05,2.23214e-06,3.39688e-06,3.54459e-06,4.43309e-06,1.17759e-05,1.49629e-05,4.67624,1000.0,0.00124334,2.76876
"beta_def[4,2]",1.58402e-06,3.41965e-07,5.3857e-07,5.75348e-07,7.9695e-07,1.51881e-06,2.39377e-06,4.60212,1000.0,0.00122364,2.92636
"beta_def[4,3]",1.43593e-06,4.69957e-07,6.80025e-07,5.28337e-07,5.87375e-07,1.18324e-06,2.63688e-06,4.29839,1000.0,0.00114288,4.19196
"beta_def[4,4]",3.19822,2.27459,3.22647,2.47054,0.344346,2.05028,8.32082,4.48205,1000.0,0.00119171,3.35821
"beta_def[4,5]",1.98498e-06,2.53549e-07,4.46029e-07,5.12018e-07,1.38342e-06,1.92542e-06,2.69354e-06,4.90662,1000.0,0.0013046,2.42819
"beta_def[4,6]",2.99317e-06,6.86753e-07,9.98593e-07,1.05363e-06,1.56303e-06,2.70301e-06,4.764e-06,4.34588,1000.0,0.0011555,3.94586
"beta_def[4,7]",2.26988e-06,7.91003e-07,1.14817e-06,5.41304e-07,9.38327e-07,1.81548e-06,4.40894e-06,4.44541,1000.0,0.00118197,3.40786
"beta_def[4,8]",1.28295e-06,4.01426e-07,5.86663e-07,8.40265e-07,4.59282e-07,1.2262e-06,2.16737e-06,4.37913,1000.0,0.00116435,3.68324
"beta_def[5,1]",2.27233e-05,3.3566e-06,5.07411e-06,3.47371e-06,1.25404e-05,2.43295e-05,2.88265e-05,4.63931,1000.0,0.00123352,2.84469
"beta_def[5,2]",2.28559e-06,3.20347e-07,4.97404e-07,6.54145e-07,1.53823e-06,2.19375e-06,3.02858e-06,4.8405,1000.0,0.00128702,2.54122
"beta_def[5,3]",1.63765e-06,2.29028e-07,4.50219e-07,3.50101e-07,1.17006e-06,1.51073e-06,2.61347e-06,5.23091,1000.0,0.00139082,2.13708
"beta_def[5,4]",1.54893e-05,1.05487e-06,2.57697e-06,2.63024e-06,1.2325e-05,1.4797e-05,2.03103e-05,5.8025,1000.0,0.0015428,1.85346
"beta_def[5,5]",1.79085e-06,2.79822e-07,4.29163e-07,4.55603e-07,1.06142e-06,1.8891e-06,2.3499e-06,4.96011,1000.0,0.00131882,2.37701
"beta_def[5,6]",2.95019e-06,5.94435e-07,9.18513e-07,1.01838e-06,1.71091e-06,2.61592e-06,4.23661e-06,4.57877,1000.0,0.00121743,2.99002
"beta_def[5,7]",3.30244e-06,4.02886e-07,7.34172e-07,7.20244e-07,1.83665e-06,3.5087e-06,4.12133e-06,4.60892,1000.0,0.00122544,2.90045
"beta_def[5,8]",9.64993e-07,1.4652e-07,2.42123e-07,2.74985e-07,6.06752e-07,1.01053e-06,1.33369e-06,5.2807,1000.0,0.00140406,2.10269
"beta_def[6,1]",1.63871e-05,7.03068e-07,2.35973e-06,2.77756e-06,1.21435e-05,1.66219e-05,2.0065e-05,6.32651,1000.0,0.00168213,1.71601
"beta_def[6,2]",3.10391e-06,2.3092e-07,4.92656e-07,5.23595e-07,2.37552e-06,3.02195e-06,3.97812e-06,5.25479,1000.0,0.00139717,2.12309
"beta_def[6,3]",3.57417e-06,3.53767e-07,6.76879e-07,6.73113e-07,2.55155e-06,3.48946e-06,4.91637e-06,4.87604,1000.0,0.00129646,2.4646
"beta_def[6,4]",0.000101186,1.70127e-05,2.59122e-05,2.97702e-05,7.22156e-05,9.71239e-05,0.00014809,4.64096,1000.0,0.00123396,2.85032
"beta_def[6,5]",2.05222e-06,1.98294e-07,3.76981e-07,3.78284e-07,1.49863e-06,2.02273e-06,2.77922e-06,4.97923,1000.0,0.0013239,2.35035
"beta_def[6,6]",3.10988e-06,2.06624e-07,6.45928e-07,3.63608e-07,2.23002e-06,2.93084e-06,4.39911e-06,5.12229,1000.0,0.00136194,2.21043
"beta_def[6,7]",3.66107e-06,5.76852e-07,9.94731e-07,1.41444e-06,2.26011e-06,3.52783e-06,5.15982e-06,5.17948,1000.0,0.00137715,2.19454
"beta_def[6,8]",1.6373e-06,4.19922e-07,6.33116e-07,7.23708e-07,9.02153e-07,1.57632e-06,2.91038e-06,4.41058,1000.0,0.00117271,3.54048
"beta_def[7,1]",1.86202e-05,3.39723e-06,5.51148e-06,8.32333e-06,1.05074e-05,1.79094e-05,2.59209e-05,4.86899,1000.0,0.00129459,2.49092
"beta_def[7,2]",1.288e-06,3.1004e-07,4.4975e-07,7.12212e-07,7.02292e-07,1.29433e-06,1.99062e-06,4.50812,1000.0,0.00119864,3.29674
"beta_def[7,3]",1.01576e-06,6.25396e-08,1.6393e-07,1.4605e-07,6.74376e-07,1.01676e-06,1.26178e-06,7.88089,1000.0,0.00209541,1.47539
"beta_def[7,4]",6.91569e-05,1.0263e-05,1.86349e-05,1.65135e-05,4.47608e-05,6.39552e-05,0.000104067,4.88193,1000.0,0.00129803,2.44506
"beta_def[7,5]",1.56949e-06,1.01538e-07,2.34847e-07,2.5152e-07,1.18368e-06,1.57884e-06,1.94318e-06,5.69739,1000.0,0.00151485,1.88103
"beta_def[7,6]",2.48971e-06,3.23152e-07,5.88699e-07,5.95633e-07,1.25528e-06,2.51302e-06,3.27122e-06,4.84211,1000.0,0.00128744,2.4889
"beta_def[7,7]",2.61662e-06,5.4037e-07,8.07309e-07,8.50131e-07,1.15161e-06,2.80394e-06,3.68111e-06,4.55183,1000.0,0.00121026,3.0908
"beta_def[7,8]",1.61421e-06,2.91104e-07,4.26615e-07,3.1657e-07,1.19238e-06,1.45008e-06,2.37453e-06,5.04262,1000.0,0.00134076,2.27949
"beta_def[8,1]",7.73006e-05,1.78929e-05,2.58795e-05,2.00752e-05,4.4196e-05,7.09068e-05,0.00012388,4.80397,1000.0,0.0012773,2.55509
"beta_def[8,2]",2.16116e-06,8.83252e-08,2.87237e-07,2.59219e-07,1.76589e-06,2.11198e-06,2.73626e-06,5.92214,1000.0,0.00157461,1.79904
"beta_def[8,3]",1.13795e-06,1.0289e-07,1.75704e-07,1.58804e-07,8.70931e-07,1.12933e-06,1.48568e-06,4.94309,1000.0,0.00131429,2.42449
"beta_def[8,4]",2.4574,1.26389,1.79282,0.71409,1.0499,1.62674,5.52228,4.39598,1000.0,0.00116883,3.6468
"beta_def[8,5]",5.17152e-07,5.87166e-08,1.01558e-07,1.20671e-07,3.7078e-07,5.48494e-07,6.48204e-07,5.85105,1000.0,0.00155571,1.83208
"beta_def[8,6]",1.41192e-06,2.46118e-07,3.88952e-07,4.58264e-07,9.19766e-07,1.32048e-06,2.08537e-06,5.09535,1000.0,0.00135478,2.23044
"beta_def[8,7]",2.10497e-06,2.42616e-07,4.30631e-07,3.75758e-07,1.43369e-06,2.13732e-06,2.95999e-06,4.81033,1000.0,0.00127899,2.55404
"beta_def[8,8]",7.94235e-07,1.09885e-07,2.01064e-07,2.00114e-07,5.31802e-07,7.24143e-07,1.10709e-06,5.47814,1000.0,0.00145656,1.98744
"beta_def[9,1]",1.23488e-05,1.95349e-06,3.16928e-06,3.56311e-06,8.24294e-06,1.17675e-05,1.79096e-05,4.4935,1000.0,0.00119475,3.23319
"beta_def[9,2]",1.76225e-06,2.23234e-07,3.9623e-07,4.13715e-07,1.22147e-06,1.82846e-06,2.43992e-06,5.46973,1000.0,0.00145432,2.00641
"beta_def[9,3]",1.46391e-06,2.0448e-07,3.26961e-07,3.45745e-07,9.5463e-07,1.41841e-06,1.97616e-06,4.74426,1000.0,0.00126143,2.65301
"beta_def[9,4]",2.36346,1.4572,2.06702,0.37177,0.886257,1.31993,5.94363,4.4674,1000.0,0.00118781,3.38727
"beta_def[9,5]",1.14624e-06,1.16066e-07,2.18495e-07,2.51499e-07,8.40263e-07,1.09732e-06,1.48809e-06,4.82995,1000.0,0.00128421,2.50491
"beta_def[9,6]",1.96071e-06,3.01212e-07,4.66662e-07,5.4873e-07,1.27168e-06,1.96376e-06,2.75137e-06,4.71653,1000.0,0.00125406,2.7385
"beta_def[9,7]",2.00318e-06,3.47181e-07,5.21421e-07,8.49865e-07,1.23699e-06,1.92805e-06,2.7158e-06,4.7401,1000.0,0.00126032,2.72548
"beta_def[9,8]",1.6639e-06,2.28874e-07,3.4882e-07,4.1192e-07,1.07154e-06,1.7355e-06,2.09984e-06,4.76917,1000.0,0.00126805,2.65769
"beta_def[10,1]",1.04939e-05,1.48991e-06,2.49394e-06,2.39717e-06,6.83825e-06,9.63085e-06,1.47144e-05,4.76688,1000.0,0.00126744,2.6079
"beta_def[10,2]",3.46156e-06,4.07669e-07,6.42657e-07,8.08534e-07,2.4578e-06,3.53911e-06,4.37161e-06,4.84774,1000.0,0.00128894,2.51787
"beta_def[10,3]",2.53999e-06,2.53522e-07,3.75799e-07,5.33012e-07,1.99698e-06,2.51684e-06,3.13486e-06,4.58279,1000.0,0.0012185,2.97117
"beta_def[10,4]",0.000539377,7.53853e-05,0.000125635,0.000105788,0.00031149,0.000572672,0.000700205,4.90554,1000.0,0.00130431,2.4237
"beta_def[10,5]",2.1019e-06,3.51474e-07,5.63178e-07,6.56803e-07,9.24136e-07,2.21141e-06,2.88107e-06,4.52253,1000.0,0.00120247,3.14051
"beta_def[10,6]",3.02445e-06,2.5961e-07,4.98118e-07,4.22761e-07,2.17898e-06,3.02154e-06,4.00287e-06,5.20338,1000.0,0.0013835,2.17705
"beta_def[10,7]",1.60252e-06,2.43375e-07,3.58178e-07,2.32025e-07,1.02503e-06,1.59626e-06,2.22498e-06,4.55145,1000.0,0.00121016,3.07172
"beta_def[10,8]",1.51642e-06,3.24209e-07,4.85165e-07,5.64551e-07,7.32586e-07,1.55678e-06,2.26409e-06,4.49604,1000.0,0.00119543,3.21997
"beta_def[11,1]",4.90221e-05,4.31576e-06,8.68775e-06,1.15305e-05,3.72755e-05,4.67235e-05,6.20976e-05,5.23203,1000.0,0.00139112,2.11851
"beta_def[11,2]",1.36552e-06,1.00257e-07,2.32827e-07,2.00856e-07,9.80106e-07,1.38807e-06,1.76986e-06,5.37003,1000.0,0.00142781,2.04269
"beta_def[11,3]",1.62486e-06,3.34461e-07,4.85522e-07,5.89041e-07,8.96021e-07,1.72985e-06,2.39425e-06,4.3569,1000.0,0.00115843,3.83056
"beta_def[11,4]",6.67437e-05,1.37152e-05,2.18114e-05,2.79336e-05,3.32726e-05,6.35083e-05,9.70081e-05,4.51592,1000.0,0.00120072,3.14011
"beta_def[11,5]",1.8634e-06,3.77269e-07,5.49733e-07,7.79062e-07,1.03553e-06,1.93166e-06,2.56392e-06,4.70448,1000.0,0.00125085,2.72751
"beta_def[11,6]",1.95613e-06,2.69737e-07,4.81393e-07,4.43369e-07,1.38345e-06,1.7685e-06,2.90419e-06,4.98727,1000.0,0.00132604,2.34918
"beta_def[11,7]",2.76831e-06,2.34654e-07,5.07995e-07,5.33018e-07,1.78026e-06,2.73033e-06,3.5276e-06,5.00609,1000.0,0.00133104,2.30624
"beta_def[11,8]",6.55167e-07,1.65321e-07,2.67157e-07,2.90829e-07,3.71425e-07,5.86162e-07,1.167e-06,4.84337,1000.0,0.00128778,2.4991
"beta_def[12,1]",1.01549e-05,1.55565e-06,2.37476e-06,1.77157e-06,7.55919e-06,9.18255e-06,1.47649e-05,5.33212,1000.0,0.00141773,2.07576
"beta_def[12,2]",4.96981e-06,5.69104e-07,1.03278e-06,9.23252e-07,3.60702e-06,4.80603e-06,7.11236e-06,4.77157,1000.0,0.00126869,2.62368
"beta_def[12,3]",3.49847e-06,3.93664e-07,6.88809e-07,6.65305e-07,2.36438e-06,3.42538e-06,4.69379e-06,4.94364,1000.0,0.00131444,2.37113
"beta_def[12,4]",6.9362e-05,7.76582e-06,1.43978e-05,1.21714e-05,4.86916e-05,6.59273e-05,9.6688e-05,5.44684,1000.0,0.00144823,2.01502
"beta_def[12,5]",2.14261e-06,3.65289e-07,5.64117e-07,4.1205e-07,1.46097e-06,1.99097e-06,3.2697e-06,4.46967,1000.0,0.00118842,3.29247
"beta_def[12,6]",2.82424e-06,5.45542e-07,8.76002e-07,9.18583e-07,1.35395e-06,3.05776e-06,3.91863e-06,5.3386,1000.0,0.00141945,2.07725
"beta_def[12,7]",3.66486e-06,4.4017e-07,7.0847e-07,8.94602e-07,2.50733e-06,3.76835e-06,4.62797e-06,5.11448,1000.0,0.00135986,2.20911
"beta_def[12,8]",1.25346e-06,9.7794e-08,1.85005e-07,1.97529e-07,1.01728e-06,1.2142e-06,1.65325e-06,4.94679,1000.0,0.00131528,2.37676
"beta_def[13,1]",1.23337e-05,1.65995e-06,2.83748e-06,2.95414e-06,8.12244e-06,1.21885e-05,1.64688e-05,4.79456,1000.0,0.0012748,2.56684
"beta_def[13,2]",2.48604e-06,2.24556e-07,4.21414e-07,2.45937e-07,1.68356e-06,2.52097e-06,3.08024e-06,5.05196,1000.0,0.00134324,2.27341
"beta_def[13,3]",1.88635e-06,1.69589e-07,3.17275e-07,3.30532e-07,1.40955e-06,1.85336e-06,2.43941e-06,5.35156,1000.0,0.0014229,2.06848
"beta_def[13,4]",1.85106,1.32845,1.88442,0.270397,0.542991,0.876369,5.13216,4.43243,1000.0,0.00117852,3.4813
"beta_def[13,5]",1.66018e-06,4.3554e-07,6.8796e-07,9.94999e-07,9.23968e-07,1.69616e-06,3.02825e-06,4.57541,1000.0,0.00121653,3.0875
"beta_def[13,6]",2.40603e-06,2.31666e-07,4.09926e-07,4.71105e-07,1.80454e-06,2.42932e-06,3.0489e-06,5.21698,1000.0,0.00138712,2.15462
"beta_def[13,7]",2.45213e-06,5.35681e-07,8.03905e-07,8.38097e-07,1.16454e-06,2.39077e-06,3.62771e-06,4.51754,1000.0,0.00120115,3.21872
"beta_def[13,8]",1.77394e-06,2.24855e-07,3.76713e-07,3.71059e-07,1.05882e-06,1.89159e-06,2.21656e-06,4.9075,1000.0,0.00130483,2.45107
"beta_def[14,1]",1.22584e-05,8.84656e-07,1.83933e-06,2.53244e-06,8.94064e-06,1.22952e-05,1.45644e-05,5.37948,1000.0,0.00143032,2.03353
"beta_def[14,2]",2.22985e-06,1.07573e-07,2.74373e-07,2.42304e-07,1.61865e-06,2.2509e-06,2.61233e-06,6.18405,1000.0,0.00164425,1.72624
"beta_def[14,3]",1.47864e-06,1.99016e-07,3.46505e-07,2.29663e-07,1.08482e-06,1.31451e-06,2.03001e-06,5.21928,1000.0,0.00138773,2.14548
"beta_def[14,4]",0.863557,0.556766,0.78978,0.610569,0.0502424,0.632675,2.14634,4.35846,1000.0,0.00115885,3.87277
"beta_def[14,5]",1.30087e-06,2.01918e-07,3.40355e-07,2.14186e-07,7.23726e-07,1.42809e-06,1.78673e-06,4.68592,1000.0,0.00124592,2.7362
"beta_def[14,6]",1.27901e-06,8.75143e-08,2.21412e-07,2.61467e-07,9.26172e-07,1.28888e-06,1.64229e-06,5.20054,1000.0,0.00138274,2.19635
"beta_def[14,7]",1.98613e-06,3.47754e-07,5.60666e-07,5.53721e-07,1.10085e-06,2.08323e-06,2.83778e-06,4.81909,1000.0,0.00128132,2.56075
"beta_def[14,8]",9.89921e-07,1.63319e-07,2.487e-07,2.85611e-07,5.868e-07,9.94992e-07,1.35551e-06,4.58632,1000.0,0.00121943,2.96413
"beta_def[15,1]",1.82655,1.06932,1.51682,0.471587,0.587216,1.14789,4.4367,4.33234,1000.0,0.0011519,4.09031
"beta_def[15,2]",1.49652e-06,2.11212e-07,3.65687e-07,3.78129e-07,8.81609e-07,1.45542e-06,2.09887e-06,4.73538,1000.0,0.00125907,2.67691
"beta_def[15,3]",2.06471e-06,2.00353e-07,4.27436e-07,2.98353e-07,1.61046e-06,1.90104e-06,3.07294e-06,5.7046,1000.0,0.00151677,1.89791
"beta_def[15,4]",5.01852,3.86115,5.47697,3.79248,0.257304,2.96712,13.8735,4.41281,1000.0,0.0011733,3.55529
"beta_def[15,5]",1.50371e-06,1.30404e-07,2.34441e-07,2.89804e-07,1.18735e-06,1.50901e-06,1.9395e-06,5.11322,1000.0,0.00135953,2.2044
"beta_def[15,6]",1.83527e-06,4.77866e-07,6.88058e-07,9.12079e-07,8.8027e-07,1.82113e-06,2.76323e-06,4.42328,1000.0,0.00117608,3.46935
"beta_def[15,7]",2.6124e-06,2.09955e-07,4.97762e-07,5.26904e-07,1.90894e-06,2.49881e-06,3.52658e-06,5.48749,1000.0,0.00145904,1.98705
"beta_def[15,8]",1.484e-06,1.16709e-07,2.61773e-07,2.7105e-07,1.07416e-06,1.50678e-06,1.98468e-06,6.34076,1000.0,0.00168591,1.68384
"beta_def[16,1]",1.73323e-05,3.10813e-06,5.13809e-06,7.55698e-06,1.01654e-05,1.74026e-05,2.56775e-05,4.84056,1000.0,0.00128703,2.53836
"beta_def[16,2]",3.55963e-06,7.45568e-07,1.11792e-06,1.18909e-06,1.65757e-06,3.89635e-06,5.24285e-06,4.37477,1000.0,0.00116319,3.68905
"beta_def[16,3]",1.89658e-06,2.06589e-07,3.61261e-07,3.0768e-07,1.15098e-06,1.91709e-06,2.48027e-06,4.95956,1000.0,0.00131867,2.38688
"beta_def[16,4]",1.9531,1.30878,1.85649,2.60876,0.0437522,1.85323,4.06338,4.52792,1000.0,0.00120391,3.16019
"beta_def[16,5]",1.91639e-06,2.30956e-07,4.77725e-07,4.66581e-07,1.16863e-06,1.79246e-06,2.75125e-06,5.09475,1000.0,0.00135462,2.25421
"beta_def[16,6]",3.67475e-06,2.46833e-07,6.13685e-07,5.87487e-07,2.88894e-06,3.6277e-06,5.11944e-06,5.12692,1000.0,0.00136317,2.19656
"beta_def[16,7]",1.87504e-06,2.57658e-07,4.3565e-07,3.32841e-07,1.40654e-06,1.78944e-06,2.96816e-06,4.60169,1000.0,0.00122352,2.91432
"beta_def[16,8]",1.85756e-06,2.95978e-07,4.64062e-07,5.15428e-07,1.03202e-06,1.83514e-06,2.58429e-06,4.61161,1000.0,0.00122616,2.89487
"beta_def[17,1]",2.28976e-05,2.52714e-06,3.84884e-06,4.39086e-06,1.84439e-05,2.19796e-05,3.05375e-05,4.69189,1000.0,0.0012475,2.76527
"beta_def[17,2]",1.54236e-06,2.31321e-07,3.47733e-07,2.39522e-07,1.06056e-06,1.45635e-06,2.15366e-06,4.71873,1000.0,0.00125464,2.68938
"beta_def[17,3]",1.83842e-06,2.85376e-07,5.0663e-07,6.18353e-07,1.0701e-06,1.84681e-06,2.58291e-06,4.62001,1000.0,0.00122839,2.88452
"beta_def[17,4]",7.42536e-05,9.69606e-06,1.47082e-05,1.38444e-05,5.06955e-05,7.30508e-05,9.80257e-05,4.58637,1000.0,0.00121945,2.94913
"beta_def[17,5]",1.77626e-06,2.13973e-07,4.34841e-07,4.57246e-07,1.2441e-06,1.68251e-06,2.52541e-06,4.79334,1000.0,0.00127448,2.55229
"beta_def[17,6]",2.78906e-06,3.82788e-07,6.15409e-07,6.74409e-07,1.95952e-06,2.7299e-06,3.94302e-06,4.82118,1000.0,0.00128188,2.54057
"beta_def[17,7]",2.39745e-06,3.61963e-07,6.02637e-07,5.09265e-07,1.34007e-06,2.62609e-06,3.20563e-06,5.11113,1000.0,0.00135897,2.31748
"beta_def[17,8]",1.10028e-06,1.21543e-07,2.06719e-07,1.99775e-07,8.52154e-07,1.03468e-06,1.45943e-06,4.74264,1000.0,0.001261,2.64654
"beta_def[18,1]",6.61186e-05,9.07755e-06,1.47327e-05,1.60287e-05,4.20896e-05,6.56009e-05,9.04888e-05,4.84249,1000.0,0.00128755,2.53843
"beta_def[18,2]",3.46131e-06,4.1153e-07,7.15164e-07,7.5553e-07,2.32797e-06,3.3774e-06,4.74359e-06,4.63445,1000.0,0.00123223,2.86693
"beta_def[18,3]",2.6619e-06,2.39499e-07,4.96893e-07,6.25853e-07,1.94935e-06,2.60093e-06,3.41815e-06,5.14527,1000.0,0.00136805,2.214
"beta_def[18,4]",6.92496e-05,8.07205e-06,1.37182e-05,1.60084e-05,4.53553e-05,6.97889e-05,9.13499e-05,4.73623,1000.0,0.00125929,2.68088
"beta_def[18,5]",1.68132e-06,3.84271e-07,5.75021e-07,5.30489e-07,8.18549e-07,1.78354e-06,2.70112e-06,4.39319,1000.0,0.00116808,3.6849
"beta_def[18,6]",4.55309e-06,3.10025e-07,6.65986e-07,6.14526e-07,3.63199e-06,4.50083e-06,5.83636e-06,5.20504,1000.0,0.00138394,2.15619
"beta_def[18,7]",3.10897e-06,9.26368e-07,1.31728e-06,1.53596e-06,1.51411e-06,2.89861e-06,5.09242e-06,4.4431,1000.0,0.00118135,3.4642
"beta_def[18,8]",1.79286e-06,4.07467e-07,5.92105e-07,7.92102e-07,8.27316e-07,1.73769e-06,2.6106e-06,4.34538,1000.0,0.00115537,3.89687
"beta_def[19,1]",8.44557e-05,9.98867e-06,1.6263e-05,6.40225e-06,4.34238e-05,9.02678e-05,9.90212e-05,4.82896,1000.0,0.00128395,2.50951
"beta_def[19,2]",3.19776e-06,3.91307e-07,6.93841e-07,7.40362e-07,1.86432e-06,3.27615e-06,4.30709e-06,4.69576,1000.0,0.00124853,2.74267
"beta_def[19,3]",2.07998e-06,3.74312e-07,5.66392e-07,5.43971e-07,1.37461e-06,1.81644e-06,2.91298e-06,4.83806,1000.0,0.00128637,2.51064
"beta_def[19,4]",8.95621e-05,1.67267e-05,2.4946e-05,1.77903e-05,5.29939e-05,0.000102566,0.000114993,4.67409,1000.0,0.00124277,2.77848
"beta_def[19,5]",1.65718e-06,3.22332e-07,5.16994e-07,7.50598e-07,8.71569e-07,1.62372e-06,2.36522e-06,4.52084,1000.0,0.00120202,3.16135
"beta_def[19,6]",3.62234e-06,4.89248e-07,8.8206e-07,1.11416e-06,2.39414e-06,3.46955e-06,4.97049e-06,4.74635,1000.0,0.00126198,2.65706
"beta_def[19,7]",2.59293e-06,1.41156e-07,3.7809e-07,2.5992e-07,2.04995e-06,2.59119e-06,3.31624e-06,5.469,1000.0,0.00145413,1.98
"beta_def[19,8]",1.92577e-06,1.52353e-07,2.56645e-07,3.61278e-07,1.54491e-06,1.94611e-06,2.28593e-06,5.00525,1000.0,0.00133082,2.30878
"beta_def[20,1]",6.16335e-05,7.48174e-06,1.57342e-05,1.7642e-05,3.7897e-05,6.23853e-05,8.66536e-05,5.52132,1000.0,0.00146804,1.97041
"beta_def[20,2]",2.11002e-06,9.9788e-08,3.42531e-07,4.2331e-07,1.6017e-06,2.08763e-06,2.67988e-06,6.29737,1000.0,0.00167438,1.69531
"beta_def[20,3]",1.51547e-06,3.35257e-07,5.04986e-07,4.57574e-07,9.1968e-07,1.36803e-06,2.59239e-06,4.40646,1000.0,0.00117161,3.64909
"beta_def[20,4]",3.76098,3.01099,4.27136,0.853845,0.735186,1.58928,11.2584,4.27959,1000.0,0.00113788,4.35271
"beta_def[20,5]",9.79751e-07,1.31841e-07,2.17625e-07,2.52927e-07,6.94258e-07,9.71679e-07,1.40229e-06,4.79049,1000.0,0.00127372,2.57902
"beta_def[20,6]",1.39311e-06,6.9515e-08,1.62066e-07,1.27802e-07,1.20939e-06,1.35813e-06,1.76224e-06,8.4944,1000.0,0.00225853,1.39946
"beta_def[20,7]",3.11458e-06,2.13156e-07,4.73383e-07,4.84353e-07,2.2656e-06,3.16619e-06,3.74458e-06,5.06927,1000.0,0.00134784,2.27158
"beta_def[20,8]",1.19615e-06,3.30523e-07,4.8756e-07,6.48572e-07,5.86865e-07,1.17304e-06,2.00084e-06,4.55337,1000.0,0.00121067,3.0391
"beta_def[21,1]",4.25463e-05,1.12791e-05,1.72571e-05,2.19797e-05,1.95001e-05,4.0153e-05,7.22268e-05,4.49353,1000.0,0.00119476,3.20041
"beta_def[21,2]",2.79402e-06,2.43167e-07,5.53489e-07,4.1749e-07,2.17105e-06,2.64916e-06,3.86476e-06,4.94856,1000.0,0.00131575,2.39467
"beta_def[21,3]",1.95383e-06,5.69555e-08,1.59649e-07,1.24466e-07,1.67656e-06,1.97082e-06,2.21519e-06,7.27336,1000.0,0.00193388,1.54342
"beta_def[21,4]",2.13117,1.42856,2.02641,2.63883,0.0654713,1.88203,4.66802,4.56841,1000.0,0.00121467,3.04391
"beta_def[21,5]",1.96952e-06,3.4391e-07,5.74668e-07,7.77901e-07,1.02779e-06,1.95568e-06,2.81592e-06,4.76023,1000.0,0.00126567,2.62425
"beta_def[21,6]",2.37345e-06,5.98436e-07,8.80943e-07,7.3964e-07,1.25008e-06,2.09059e-06,3.8888e-06,4.52851,1000.0,0.00120406,3.14382
"beta_def[21,7]",3.9674e-06,4.64899e-07,8.59073e-07,1.18092e-06,2.78677e-06,3.96049e-06,5.37571e-06,4.9383,1000.0,0.00131302,2.41383
"beta_def[21,8]",2.02944e-06,2.42977e-07,4.88933e-07,5.09596e-07,1.13565e-06,2.0245e-06,2.89277e-06,5.16599,1000.0,0.00137356,2.20674
"beta_def[22,1]",2.58556e-05,2.14817e-06,4.58159e-06,3.35682e-06,2.09572e-05,2.46189e-05,3.40491e-05,5.38234,1000.0,0.00143108,2.02688
"beta_def[22,2]",4.48652e-06,4.28108e-07,6.85255e-07,6.722e-07,3.32669e-06,4.6851e-06,5.38649e-06,5.38396,1000.0,0.00143151,2.03019
"beta_def[22,3]",2.75588e-06,3.4313e-07,6.45648e-07,6.93337e-07,1.90822e-06,2.58324e-06,4.08353e-06,4.79823,1000.0,0.00127578,2.56947
"beta_def[22,4]",1.6852,0.665084,0.943455,0.908636,0.215973,1.86971,2.76225,4.32977,1000.0,0.00115122,4.00031
"beta_def[22,5]",2.5141e-06,4.68239e-07,7.38713e-07,1.01028e-06,1.40661e-06,2.51925e-06,3.62642e-06,4.77184,1000.0,0.00126876,2.59087
"beta_def[22,6]",3.34861e-06,3.44542e-07,7.23523e-07,9.38911e-07,2.18986e-06,3.43859e-06,4.61684e-06,5.41709,1000.0,0.00144032,2.03489
"beta_def[22,7]",2.92172e-06,4.21544e-07,6.55591e-07,7.49842e-07,1.96273e-06,2.86414e-06,4.16234e-06,4.54429,1000.0,0.00120826,3.1196
"beta_def[22,8]",2.37262e-06,4.13428e-07,6.20642e-07,7.06461e-07,1.23519e-06,2.40784e-06,3.26128e-06,4.43113,1000.0,0.00117817,3.45067
"beta_def[23,1]",1.53361e-05,3.71728e-06,5.50931e-06,6.54999e-06,6.99879e-06,1.5403e-05,2.37042e-05,4.44187,1000.0,0.00118103,3.42988
"beta_def[23,2]",2.3511e-06,1.00234e-07,2.71147e-07,2.45561e-07,1.86115e-06,2.37221e-06,2.83236e-06,5.64434,1000.0,0.00150075,1.9184
"beta_def[23,3]",2.16858e-06,3.14809e-07,5.44039e-07,4.63843e-07,1.44797e-06,2.11636e-06,3.35698e-06,4.60821,1000.0,0.00122526,2.95551
"beta_def[23,4]",3.10655,1.76143,2.49861,3.4493,0.198412,3.26744,5.65062,4.33416,1000.0,0.00115239,4.17756
"beta_def[23,5]",2.47235e-06,1.27118e-07,3.44052e-07,3.15768e-07,1.95593e-06,2.4473e-06,3.06968e-06,5.62407,1000.0,0.00149536,1.92433
"beta_def[23,6]",2.63484e-06,3.74258e-07,6.24789e-07,7.46362e-07,1.6706e-06,2.72525e-06,3.65302e-06,4.55203,1000.0,0.00121032,3.05262
"beta_def[23,7]",3.06523e-06,4.92617e-07,8.40415e-07,7.89484e-07,2.093e-06,2.78545e-06,4.70207e-06,4.97011,1000.0,0.00132148,2.38481
"beta_def[23,8]",1.63368e-06,2.5825e-07,4.10616e-07,5.9272e-07,1.03953e-06,1.5379e-06,2.19713e-06,5.06624,1000.0,0.00134704,2.27924
"beta_def[24,1]",1.17477e-05,1.66229e-06,2.77943e-06,2.44074e-06,8.3889e-06,1.08028e-05,1.73697e-05,4.6993,1000.0,0.00124947,2.71747
"beta_def[24,2]",5.64879e-06,7.35674e-07,1.2698e-06,1.85601e-06,3.85786e-06,5.40022e-06,7.40077e-06,5.032,1000.0,0.00133793,2.28613
"beta_def[24,3]",4.16915e-06,5.11382e-07,8.23185e-07,8.43006e-07,2.42546e-06,4.31045e-06,5.30263e-06,4.7255,1000.0,0.00125644,2.68783
"beta_def[24,4]",9.26045e-05,1.32215e-05,1.95601e-05,2.77763e-05,6.76152e-05,9.30878e-05,0.00011871,5.00223,1000.0,0.00133002,2.35354
"beta_def[24,5]",2.38906e-06,4.37969e-07,7.58754e-07,8.8551e-07,1.44326e-06,2.29965e-06,3.73056e-06,4.64059,1000.0,0.00123386,2.83072
"beta_def[24,6]",4.31608e-06,9.00524e-07,1.35995e-06,1.75591e-06,2.17843e-06,4.70392e-06,6.45246e-06,4.43112,1000.0,0.00117817,3.50758
"beta_def[24,7]",3.93176e-06,7.82347e-07,1.24598e-06,1.29437e-06,2.45568e-06,3.66605e-06,6.6072e-06,4.78671,1000.0,0.00127271,2.58523
"beta_def[24,8]",2.13935e-06,3.49091e-07,5.28849e-07,3.09467e-07,1.27315e-06,2.16865e-06,3.09909e-06,4.46342,1000.0,0.00118676,3.31975
"beta_def[25,1]",2.85109e-05,3.93927e-06,6.51384e-06,7.62198e-06,1.81695e-05,2.8819e-05,3.96496e-05,4.99592,1000.0,0.00132834,2.34167
"beta_def[25,2]",2.38715e-06,4.83475e-07,7.1321e-07,9.82529e-07,1.36846e-06,2.41713e-06,3.36552e-06,4.37111,1000.0,0.00116221,3.77383
"beta_def[25,3]",1.20845e-06,2.10983e-07,3.5007e-07,2.5445e-07,8.26092e-07,1.07629e-06,1.86579e-06,4.72585,1000.0,0.00125653,2.67384
"beta_def[25,4]",0.000103158,1.09251e-05,1.68742e-05,1.25452e-05,8.13638e-05,9.84396e-05,0.000137319,4.78201,1000.0,0.00127147,2.62626
"beta_def[25,5]",3.01438e-06,6.75109e-07,1.0092e-06,1.18908e-06,1.42754e-06,3.15524e-06,4.38096e-06,4.57697,1000.0,0.00121695,3.02655
"beta_def[25,6]",3.06541e-06,4.56552e-07,7.59958e-07,3.84161e-07,2.37606e-06,2.65572e-06,4.73612e-06,5.27782,1000.0,0.00140329,2.13526
"beta_def[25,7]",2.78942e-06,2.56781e-07,4.79877e-07,4.35837e-07,2.22198e-06,2.70875e-06,3.86089e-06,5.23816,1000.0,0.00139275,2.12736
"beta_def[25,8]",1.42713e-06,1.42098e-07,2.49862e-07,2.11057e-07,1.16609e-06,1.32283e-06,1.95005e-06,4.58292,1000.0,0.00121853,2.97954
"beta_def[26,1]",9.32475e-06,8.87729e-07,1.54912e-06,1.34561e-06,7.59947e-06,9.13195e-06,1.26511e-05,5.00636,1000.0,0.00133112,2.31265
"beta_def[26,2]",1.78832e-06,1.1167e-07,3.28821e-07,3.16445e-07,1.38583e-06,1.67098e-06,2.38213e-06,5.80912,1000.0,0.00154456,1.84909
"beta_def[26,3]",1.75338e-06,2.15476e-07,3.65486e-07,3.9327e-07,1.25354e-06,1.65469e-06,2.50037e-06,4.53617,1000.0,0.0012061,3.07301
"beta_def[26,4]",6.94776e-05,9.42315e-06,1.75389e-05,2.22068e-05,4.23181e-05,7.12969e-05,9.68096e-05,5.11778,1000.0,0.00136074,2.2188
"beta_def[26,5]",7.75705e-07,1.57775e-07,2.52953e-07,2.63285e-07,3.77679e-07,7.39519e-07,1.08788e-06,4.70936,1000.0,0.00125215,2.72057
"beta_def[26,6]",1.89284e-06,3.43806e-07,5.6667e-07,5.19602e-07,8.59382e-07,1.83142e-06,2.80705e-06,4.85776,1000.0,0.00129161,2.46995
"beta_def[26,7]",2.70166e-06,1.54855e-07,3.98779e-07,2.76738e-07,2.1529e-06,2.62623e-06,3.67244e-06,5.08959,1000.0,0.00135325,2.23943
"beta_def[26,8]",1.20095e-06,1.55738e-07,2.65617e-07,3.17496e-07,7.82853e-07,1.23249e-06,1.57531e-06,5.47109,1000.0,0.00145468,1.98207
"beta_def[27,1]",1.77357e-05,3.44911e-06,5.57023e-06,7.0313e-06,1.05321e-05,1.62172e-05,2.81517e-05,4.6556,1000.0,0.00123785,2.80405
"beta_def[27,2]",1.85073e-06,3.50497e-07,5.0653e-07,6.77188e-07,1.27234e-06,1.81277e-06,2.70716e-06,4.80314,1000.0,0.00127708,2.75686
"beta_def[27,3]",1.72556e-06,2.04649e-07,4.29976e-07,4.73929e-07,1.09229e-06,1.68046e-06,2.53037e-06,5.00742,1000.0,0.0013314,2.32847
"beta_def[27,4]",3.11197,2.11219,2.9961,1.88831,0.175673,2.10262,8.07461,4.47612,1000.0,0.00119013,3.38156
"beta_def[27,5]",1.84044e-06,4.64314e-07,6.63799e-07,6.60003e-07,7.12072e-07,1.92736e-06,2.72622e-06,4.38208,1000.0,0.00116513,3.72229
"beta_def[27,6]",2.62453e-06,4.37263e-07,6.88294e-07,8.13988e-07,1.3661e-06,2.71595e-06,3.64346e-06,4.56487,1000.0,0.00121373,3.00765
"beta_def[27,7]",3.3088e-06,6.38303e-07,1.00858e-06,1.2566e-06,2.00175e-06,3.47753e-06,5.14532e-06,4.54906,1000.0,0.00120953,3.06559
"beta_def[27,8]",1.82593e-06,2.32248e-07,3.85827e-07,4.80285e-07,1.28905e-06,1.73059e-06,2.43724e-06,5.21619,1000.0,0.00138691,2.15421
"beta_def[28,1]",1.3136e-05,8.73069e-07,1.48743e-06,1.57412e-06,1.0799e-05,1.30241e-05,1.59033e-05,5.125,1000.0,0.00136266,2.23172
"beta_def[28,2]",3.3031e-06,8.54706e-07,1.28687e-06,1.70719e-06,1.56611e-06,2.99569e-06,5.34956e-06,4.44784,1000.0,0.00118261,3.3978
"beta_def[28,3]",1.50435e-06,3.93708e-07,5.90188e-07,8.5157e-07,7.98103e-07,1.46805e-06,2.48563e-06,4.66498,1000.0,0.00124035,2.7911
"beta_def[28,4]",2.85279,1.79253,2.54269,1.24628,0.65979,1.80461,7.15463,4.54246,1000.0,0.00120777,3.10775
"beta_def[28,5]",1.82246e-06,3.23094e-07,5.39141e-07,4.06155e-07,1.32228e-06,1.64325e-06,3.12894e-06,4.8185,1000.0,0.00128117,2.53816
"beta_def[28,6]",2.82541e-06,1.49734e-07,3.87218e-07,2.87208e-07,2.07815e-06,2.9181e-06,3.35365e-06,5.85694,1000.0,0.00155727,1.82808
"beta_def[28,7]",1.9387e-06,2.42321e-07,4.44151e-07,1.68096e-07,1.4572e-06,1.84378e-06,3.19547e-06,4.5748,1000.0,0.00121637,2.98868
"beta_def[28,8]",1.70156e-06,2.84227e-07,5.0524e-07,4.7717e-07,9.64538e-07,1.65641e-06,2.81242e-06,4.76719,1000.0,0.00126752,2.62334
"beta_def[29,1]",3.60245e-05,2.80959e-06,5.28175e-06,5.67762e-06,2.78833e-05,3.6223e-05,4.36469e-05,5.79939,1000.0,0.00154197,1.8486
"beta_def[29,2]",1.86723e-06,2.45883e-07,4.09616e-07,2.37802e-07,1.3879e-06,1.71872e-06,2.78236e-06,4.85875,1000.0,0.00129187,2.5767
"beta_def[29,3]",2.08599e-06,4.55453e-07,6.68266e-07,9.21134e-07,1.04962e-06,2.25428e-06,3.0005e-06,4.44915,1000.0,0.00118296,3.45145
"beta_def[29,4]",2.58107e-05,4.48869e-06,6.78167e-06,8.85661e-06,1.42411e-05,2.56022e-05,3.54253e-05,4.39099,1000.0,0.0011675,3.67301
"beta_def[29,5]",2.12377e-06,2.5029e-07,3.73755e-07,3.76565e-07,1.41055e-06,2.21645e-06,2.53148e-06,4.83705,1000.0,0.0012861,2.51731
"beta_def[29,6]",3.20264e-06,3.45112e-07,7.4403e-07,7.45163e-07,2.26603e-06,3.15253e-06,4.85055e-06,4.88394,1000.0,0.00129857,2.43754
"beta_def[29,7]",2.46836e-06,4.53872e-07,7.04614e-07,5.21858e-07,1.28367e-06,2.5664e-06,3.77321e-06,4.69203,1000.0,0.00124754,2.75605
"beta_def[29,8]",8.82159e-07,1.77862e-07,2.83399e-07,9.83127e-08,5.50823e-07,7.82998e-07,1.5867e-06,4.62562,1000.0,0.00122988,2.89133
"beta_def[30,1]",1.92808e-05,8.82558e-07,2.63806e-06,2.21936e-06,1.43832e-05,1.92374e-05,2.42279e-05,6.04337,1000.0,0.00160684,1.78384
"beta_def[30,2]",4.40678e-06,6.25012e-07,9.96109e-07,1.31338e-06,2.94132e-06,4.53222e-06,5.86946e-06,4.64222,1000.0,0.0012343,2.85267
"beta_def[30,3]",2.24534e-06,4.91911e-07,8.74815e-07,9.05137e-07,1.15531e-06,1.98808e-06,3.8566e-06,4.58457,1000.0,0.00121897,2.96829
"beta_def[30,4]",1.72314e-05,2.05129e-06,3.56822e-06,3.55293e-06,1.16313e-05,1.73562e-05,2.32487e-05,5.04609,1000.0,0.00134168,2.31721
"beta_def[30,5]",4.09704e-06,2.60206e-07,6.09648e-07,6.00969e-07,3.25375e-06,3.94835e-06,5.14848e-06,5.17301,1000.0,0.00137543,2.1819
"beta_def[30,6]",3.85128e-06,4.47242e-07,7.95194e-07,1.00904e-06,2.68583e-06,3.96741e-06,5.09569e-06,4.76816,1000.0,0.00126778,2.63188
"beta_def[30,7]",3.85027e-06,2.8794e-07,6.29928e-07,7.31434e-07,2.9874e-06,3.67042e-06,4.91613e-06,5.39037,1000.0,0.00143322,2.0368
"beta_def[30,8]",1.6621e-06,2.54853e-07,3.73499e-07,4.16905e-07,1.09245e-06,1.65717e-06,2.25962e-06,4.60864,1000.0,0.00122537,2.93076
"beta_def[31,1]",5.37435e-05,1.42828e-05,2.11414e-05,1.68922e-05,2.40631e-05,5.06775e-05,9.59027e-05,4.39501,1000.0,0.00116857,3.6035
"beta_def[31,2]",3.58893e-06,7.32257e-07,1.11748e-06,7.58401e-07,1.70244e-06,3.62988e-06,5.82875e-06,4.4741,1000.0,0.0011896,3.3076
"beta_def[31,3]",3.13288e-06,1.68169e-07,5.14962e-07,5.60894e-07,2.21891e-06,3.17026e-06,3.97094e-06,5.31463,1000.0,0.00141308,2.06873
"beta_def[31,4]",0.000555022,7.79796e-05,0.000151149,0.000129616,0.00037012,0.000540202,0.000878421,4.7988,1000.0,0.00127593,2.55979
"beta_def[31,5]",2.57507e-06,3.30864e-07,5.17019e-07,4.67677e-07,1.93025e-06,2.43281e-06,3.48851e-06,5.38455,1000.0,0.00143167,2.06228
"beta_def[31,6]",5.01047e-06,8.17664e-07,1.43134e-06,1.05004e-06,2.77937e-06,5.25787e-06,7.9473e-06,4.57937,1000.0,0.00121759,2.98993
"beta_def[31,7]",3.73731e-06,6.80876e-07,1.14584e-06,1.24048e-06,1.64386e-06,3.84807e-06,5.2144e-06,4.96976,1000.0,0.00132138,2.36838
"beta_def[31,8]",2.93565e-06,3.87314e-07,6.80506e-07,7.42403e-07,1.89652e-06,2.72535e-06,4.02032e-06,4.85744,1000.0,0.00129152,2.47947
"beta_def[32,1]",9.20423e-05,1.81814e-05,2.81388e-05,1.73767e-05,5.21801e-05,8.49671e-05,0.000155772,4.55982,1000.0,0.00121239,3.02494
"beta_def[32,2]",3.60528e-06,5.52818e-07,9.03526e-07,9.72689e-07,1.93735e-06,3.75064e-06,4.87276e-06,4.72725,1000.0,0.00125691,2.66997
"beta_def[32,3]",1.67362e-06,2.52737e-07,4.0648e-07,4.81279e-07,9.5171e-07,1.75366e-06,2.33321e-06,5.1711,1000.0,0.00137492,2.1985
"beta_def[32,4]",2.09853,1.02992,1.46096,2.15873,0.395321,2.07511,3.81972,4.44472,1000.0,0.00118178,3.41891
"beta_def[32,5]",1.34415e-06,2.56117e-07,3.83111e-07,2.95733e-07,8.76879e-07,1.16411e-06,1.93555e-06,4.59811,1000.0,0.00122257,2.93901
"beta_def[32,6]",4.00594e-06,8.098e-07,1.23748e-06,9.94911e-07,1.511e-06,4.34875e-06,5.3908e-06,4.67342,1000.0,0.00124259,2.77728
"beta_def[32,7]",4.69288e-06,8.12425e-07,1.20125e-06,9.78165e-07,3.06631e-06,4.39788e-06,6.6987e-06,4.58603,1000.0,0.00121936,2.99632
"beta_def[32,8]",1.63808e-06,2.43234e-07,3.58924e-07,4.39204e-07,1.1236e-06,1.77199e-06,2.08731e-06,4.90306,1000.0,0.00130365,2.50227
"beta_def[33,1]",1.99394e-05,2.37932e-06,3.82521e-06,4.604e-06,1.3924e-05,2.03528e-05,2.58453e-05,4.9344,1000.0,0.00131198,2.41902
"beta_def[33,2]",2.92844e-06,5.18672e-07,9.68474e-07,8.34021e-07,1.64453e-06,2.70897e-06,4.73389e-06,4.69397,1000.0,0.00124806,2.72615
"beta_def[33,3]",4.01501e-06,4.81397e-07,8.29914e-07,1.19311e-06,2.84339e-06,3.85262e-06,5.2e-06,5.04581,1000.0,0.0013416,2.27532
"beta_def[33,4]",0.97262,0.434397,0.616185,0.836276,0.16271,0.983192,1.75779,4.40288,1000.0,0.00117066,3.66426
"beta_def[33,5]",2.66687e-06,4.37708e-07,8.219e-07,7.67167e-07,1.11261e-06,2.57647e-06,3.97292e-06,4.6729,1000.0,0.00124245,2.76334
"beta_def[33,6]",3.58926e-06,4.59019e-07,7.26497e-07,8.09872e-07,2.34978e-06,3.6048e-06,4.5909e-06,4.88123,1000.0,0.00129785,2.45888
"beta_def[33,7]",4.36628e-06,7.07202e-07,1.04907e-06,1.15175e-06,2.40889e-06,4.5317e-06,5.51655e-06,4.68136,1000.0,0.0012447,2.7363
"beta_def[33,8]",2.97267e-06,7.08021e-07,1.08008e-06,1.12489e-06,1.27005e-06,3.22335e-06,4.85344e-06,4.36671,1000.0,0.00116104,3.73539
"beta_def[34,1]",0.000110097,1.52793e-05,2.4891e-05,2.08993e-05,6.10732e-05,0.000115173,0.000145059,4.59771,1000.0,0.00122246,2.92882
"beta_def[34,2]",3.74864e-06,6.62576e-07,1.04321e-06,8.21851e-07,2.08455e-06,3.65238e-06,5.78259e-06,4.61488,1000.0,0.00122703,2.95333
"beta_def[34,3]",2.0362e-06,4.71334e-07,7.21965e-07,3.4212e-07,1.39502e-06,1.63959e-06,3.63635e-06,4.73395,1000.0,0.00125869,2.66391
"beta_def[34,4]",2.53883,2.40637,3.41341,0.607042,0.0748486,0.825733,8.44951,4.38584,1000.0,0.00116613,3.72125
"beta_def[34,5]",1.96516e-06,2.88248e-07,4.31532e-07,4.06324e-07,1.27173e-06,1.92533e-06,2.78157e-06,4.55064,1000.0,0.00120995,3.08484
"beta_def[34,6]",2.09394e-06,3.85453e-07,7.02381e-07,8.07769e-07,1.04874e-06,2.30466e-06,3.02999e-06,5.07071,1000.0,0.00134823,2.27449
"beta_def[34,7]",3.41648e-06,3.91923e-07,5.8149e-07,2.68972e-07,2.66814e-06,3.22074e-06,4.77584e-06,4.6388,1000.0,0.00123339,2.84278
"beta_def[34,8]",2.62231e-06,2.44631e-07,4.93575e-07,4.61153e-07,1.99449e-06,2.60103e-06,3.50276e-06,5.37999,1000.0,0.00143046,2.02917
"beta_def[35,1]",1.82041e-05,4.31206e-06,6.87209e-06,7.09921e-06,8.70201e-06,1.65817e-05,3.0199e-05,4.59048,1000.0,0.00122054,2.96738
"beta_def[35,2]",5.1066e-06,4.7261e-07,8.30254e-07,6.01981e-07,3.98967e-06,5.1248e-06,7.04503e-06,5.21781,1000.0,0.00138734,2.16326
"beta_def[35,3]",2.64673e-06,1.46735e-07,3.92965e-07,5.2435e-07,2.01585e-06,2.66914e-06,3.22494e-06,5.26078,1000.0,0.00139876,2.10185
"beta_def[35,4]",0.000123064,5.84291e-06,1.61603e-05,1.11904e-05,0.000101131,0.000118855,0.000160698,5.75435,1000.0,0.00153,1.8741
"beta_def[35,5]",1.22858e-06,2.79865e-07,4.13941e-07,4.03931e-07,5.88833e-07,1.37409e-06,1.77492e-06,4.84136,1000.0,0.00128724,2.54651
"beta_def[35,6]",2.56584e-06,4.16326e-07,8.47589e-07,9.37247e-07,1.54326e-06,2.40437e-06,4.1543e-06,5.21017,1000.0,0.00138531,2.16393
"beta_def[35,7]",5.3613e-06,8.0728e-07,1.35627e-06,1.6608e-06,3.54336e-06,5.28941e-06,8.09114e-06,4.46589,1000.0,0.00118741,3.32564
"beta_def[35,8]",2.47501e-06,4.26374e-07,6.82821e-07,5.61721e-07,1.52123e-06,2.26886e-06,3.60196e-06,4.74071,1000.0,0.00126048,2.64491
"beta_def[36,1]",4.89097e-05,7.74485e-06,1.31931e-05,1.32796e-05,2.6777e-05,5.06427e-05,6.88905e-05,5.23153,1000.0,0.00139098,2.15319
"beta_def[36,2]",7.69203e-06,6.92445e-07,1.56113e-06,1.56697e-06,5.55683e-06,7.70552e-06,1.06392e-05,5.36568,1000.0,0.00142666,2.06745
"beta_def[36,3]",5.45983e-06,7.85871e-07,1.16625e-06,6.85029e-07,4.17297e-06,4.94841e-06,7.51948e-06,4.84395,1000.0,0.00128793,2.49957
"beta_def[36,4]",2.26514,1.67443,2.37518,0.864277,0.360851,1.18626,6.34478,4.40389,1000.0,0.00117093,3.57023
"beta_def[36,5]",2.16192e-06,2.83612e-07,5.92281e-07,7.15908e-07,1.36762e-06,2.05482e-06,3.22292e-06,5.0262,1000.0,0.00133639,2.30707
"beta_def[36,6]",5.31259e-06,1.01085e-06,1.57387e-06,2.18506e-06,3.32378e-06,5.11347e-06,7.65431e-06,5.11722,1000.0,0.00136059,2.23017
"beta_def[36,7]",3.2891e-06,9.55435e-07,1.37793e-06,4.56638e-07,2.2474e-06,2.60476e-06,6.01837e-06,4.61762,1000.0,0.00122776,2.88118
"beta_def[36,8]",2.49209e-06,4.70842e-07,7.89366e-07,8.638e-07,1.36389e-06,2.461e-06,3.87647e-06,4.83233,1000.0,0.00128484,2.52565
sigma,7.62921e-06,5.18353e-07,1.04637e-06,1.13724e-06,6.03257e-06,7.62875e-06,9.48908e-06,4.8095,1000.0,0.00127877,2.54733
