lineup_key,archetype_lineup,possessions,minutes,points,fga_2pt,fga_3pt,fgm_2pt,fgm_3pt,ftm,fta,pts_2pt,pts_3pt,pts_ft,ast,tov,w_pct,plus_minus,off_rating,pace,ast_pct,ast_to,pct_fga_2pt,pct_fga_3pt,pct_pts_2pt,pct_pts_2pt_mr,pct_pts_3pt,pct_pts_ft,pct_pts_off_tov,pct_pts_paint
0_0_1_1_3,0_0_1_1_3,643,321.5,212,76,0,76,0,0,0,152,0,0,0,0,1.0,212,32.97045101088647,100.0,0.0,0,100.0,0.0,100.0,30.0,0.0,0.0,0.0,80.0
0_0_1_3_6,0_0_1_3_6,387,193.5,98,36,0,36,0,0,0,72,0,0,0,0,1.0,98,25.32299741602067,100.0,0.0,0,100.0,0.0,100.0,30.0,0.0,0.0,0.0,80.0
0_0_1_5_6,0_0_1_5_6,29,14.5,12,6,0,6,0,0,0,12,0,0,0,0,1.0,12,41.37931034482759,100.0,0.0,0,100.0,0.0,100.0,30.0,0.0,0.0,0.0,80.0
0_1_1_5_6,0_1_1_5_6,376,188.0,131,48,0,48,0,0,0,96,0,0,0,0,1.0,131,34.840425531914896,100.0,0.0,0,100.0,0.0,100.0,30.0,0.0,0.0,0.0,80.0
0_1_1_3_3,0_1_1_3_3,194,97.0,46,21,0,21,0,0,0,42,0,0,0,0,1.0,46,23.711340206185564,100.0,0.0,0,100.0,0.0,100.0,30.0,0.0,0.0,0.0,80.0
0_0_1_3_3,0_0_1_3_3,3760,1880.0,1286,491,0,491,0,0,0,982,0,0,0,0,1.0,1286,34.202127659574465,100.0,0.0,0,100.0,0.0,100.0,30.0,0.0,0.0,0.0,80.0
1_1_3_5_6,1_1_3_5_6,349,174.5,121,46,0,46,0,0,0,92,0,0,0,0,1.0,121,34.67048710601719,100.0,0.0,0,100.0,0.0,100.0,30.0,0.0,0.0,0.0,80.0
0_1_3_5_6,0_1_3_5_6,111,55.5,20,6,0,6,0,0,0,12,0,0,0,0,1.0,20,18.01801801801802,100.0,0.0,0,100.0,0.0,100.0,30.0,0.0,0.0,0.0,80.0
0_1_3_3_5,0_1_3_3_5,2474,1237.0,762,272,0,272,0,0,0,544,0,0,0,0,1.0,762,30.80032336297494,100.0,0.0,0,100.0,0.0,100.0,30.0,0.0,0.0,0.0,80.0
0_0_3_3_5,0_0_3_3_5,5887,2943.5,1822,673,0,673,0,0,0,1346,0,0,0,0,1.0,1822,30.949549855614066,100.0,0.0,0,100.0,0.0,100.0,30.0,0.0,0.0,0.0,80.0
0_0_0_3_5,0_0_0_3_5,4056,2028.0,1187,432,0,432,0,0,0,864,0,0,0,0,1.0,1187,29.26528599605523,100.0,0.0,0,100.0,0.0,100.0,30.0,0.0,0.0,0.0,80.0
0_0_1_3_5,0_0_1_3_5,3146,1573.0,978,350,0,350,0,0,0,700,0,0,0,0,1.0,978,31.087094723458357,100.0,0.0,0,100.0,0.0,100.0,30.0,0.0,0.0,0.0,80.0
0_0_0_1_5,0_0_0_1_5,885,442.5,281,104,0,104,0,0,0,208,0,0,0,0,1.0,281,31.751412429378533,100.0,0.0,0,100.0,0.0,100.0,30.0,0.0,0.0,0.0,80.0
0_0_1_5_7,0_0_1_5_7,544,272.0,154,57,0,57,0,0,0,114,0,0,0,0,1.0,154,28.308823529411764,100.0,0.0,0,100.0,0.0,100.0,30.0,0.0,0.0,0.0,80.0
0_0_0_5_7,0_0_0_5_7,10116,5058.0,2983,1045,0,1045,0,0,0,2090,0,0,0,0,1.0,2983,29.487939897192568,100.0,0.0,0,100.0,0.0,100.0,30.0,0.0,0.0,0.0,80.0
0_0_0_0_7,0_0_0_0_7,3656,1828.0,1115,410,0,410,0,0,0,820,0,0,0,0,1.0,1115,30.49781181619256,100.0,0.0,0,100.0,0.0,100.0,30.0,0.0,0.0,0.0,80.0
0_0_0_1_7,0_0_0_1_7,27,13.5,8,4,0,4,0,0,0,8,0,0,0,0,1.0,8,29.629629629629626,100.0,0.0,0,100.0,0.0,100.0,30.0,0.0,0.0,0.0,80.0
0_0_2_3_3,0_0_2_3_3,5213,2606.5,1743,653,0,653,0,0,0,1306,0,0,0,0,1.0,1743,33.4356416650681,100.0,0.0,0,100.0,0.0,100.0,30.0,0.0,0.0,0.0,80.0
0_0_0_3_7,0_0_0_3_7,6645,3322.5,2049,744,0,744,0,0,0,1488,0,0,0,0,1.0,2049,30.835214446952598,100.0,0.0,0,100.0,0.0,100.0,30.0,0.0,0.0,0.0,80.0
0_0_3_3_7,0_0_3_3_7,3895,1947.5,1218,439,0,439,0,0,0,878,0,0,0,0,1.0,1218,31.270860077021823,100.0,0.0,0,100.0,0.0,100.0,30.0,0.0,0.0,0.0,80.0
0_3_3_5_7,0_3_3_5_7,1924,962.0,555,185,0,185,0,0,0,370,0,0,0,0,1.0,555,28.846153846153843,100.0,0.0,0,100.0,0.0,100.0,30.0,0.0,0.0,0.0,80.0
0_0_0_1_4,0_0_0_1_4,1125,562.5,331,123,0,123,0,0,0,246,0,0,0,0,1.0,331,29.42222222222222,100.0,0.0,0,100.0,0.0,100.0,30.0,0.0,0.0,0.0,80.0
0_0_1_4_7,0_0_1_4_7,224,112.0,79,27,0,27,0,0,0,54,0,0,0,0,1.0,79,35.267857142857146,100.0,0.0,0,100.0,0.0,100.0,30.0,0.0,0.0,0.0,80.0
0_0_0_4_7,0_0_0_4_7,8213,4106.5,2425,902,0,902,0,0,0,1804,0,0,0,0,1.0,2425,29.526360647753563,100.0,0.0,0,100.0,0.0,100.0,30.0,0.0,0.0,0.0,80.0
0_0_4_5_7,0_0_4_5_7,7440,3720.0,2206,833,0,833,0,0,0,1666,0,0,0,0,1.0,2206,29.650537634408604,100.0,0.0,0,100.0,0.0,100.0,30.0,0.0,0.0,0.0,80.0
0_0_3_5_7,0_0_3_5_7,5308,2654.0,1528,537,0,537,0,0,0,1074,0,0,0,0,1.0,1528,28.786737000753583,100.0,0.0,0,100.0,0.0,100.0,30.0,0.0,0.0,0.0,80.0
0_0_0_4_5,0_0_0_4_5,4771,2385.5,1609,633,0,633,0,0,0,1266,0,0,0,0,1.0,1609,33.72458604066234,100.0,0.0,0,100.0,0.0,100.0,30.0,0.0,0.0,0.0,80.0
0_1_4_5_7,0_1_4_5_7,481,240.5,173,63,0,63,0,0,0,126,0,0,0,0,1.0,173,35.96673596673597,100.0,0.0,0,100.0,0.0,100.0,30.0,0.0,0.0,0.0,80.0
0_0_1_4_5,0_0_1_4_5,723,361.5,221,81,0,81,0,0,0,162,0,0,0,0,1.0,221,30.567081604426004,100.0,0.0,0,100.0,0.0,100.0,30.0,0.0,0.0,0.0,80.0
0_0_0_0_4,0_0_0_0_4,2911,1455.5,842,294,0,294,0,0,0,588,0,0,0,0,1.0,842,28.924768120920646,100.0,0.0,0,100.0,0.0,100.0,30.0,0.0,0.0,0.0,80.0
0_2_3_4_4,0_2_3_4_4,196,98.0,62,17,0,17,0,0,0,34,0,0,0,0,1.0,62,31.63265306122449,100.0,0.0,0,100.0,0.0,100.0,30.0,0.0,0.0,0.0,80.0
0_0_2_4_4,0_0_2_4_4,459,229.5,166,66,0,66,0,0,0,132,0,0,0,0,1.0,166,36.165577342047925,100.0,0.0,0,100.0,0.0,100.0,30.0,0.0,0.0,0.0,80.0
0_0_2_3_4,0_0_2_3_4,6318,3159.0,2047,751,0,751,0,0,0,1502,0,0,0,0,1.0,2047,32.39949351060462,100.0,0.0,0,100.0,0.0,100.0,30.0,0.0,0.0,0.0,80.0
0_0_3_3_4,0_0_3_3_4,8501,4250.5,2566,915,0,915,0,0,0,1830,0,0,0,0,1.0,2566,30.184684154805318,100.0,0.0,0,100.0,0.0,100.0,30.0,0.0,0.0,0.0,80.0
0_3_3_3_4,0_3_3_3_4,4008,2004.0,1210,441,0,441,0,0,0,882,0,0,0,0,1.0,1210,30.18962075848303,100.0,0.0,0,100.0,0.0,100.0,30.0,0.0,0.0,0.0,80.0
2_3_3_3_4,2_3_3_3_4,4569,2284.5,1375,488,0,488,0,0,0,976,0,0,0,0,1.0,1375,30.09411249726417,100.0,0.0,0,100.0,0.0,100.0,30.0,0.0,0.0,0.0,80.0
0_2_3_3_4,0_2_3_3_4,6252,3126.0,1905,732,0,732,0,0,0,1464,0,0,0,0,1.0,1905,30.47024952015355,100.0,0.0,0,100.0,0.0,100.0,30.0,0.0,0.0,0.0,80.0
0_0_0_3_4,0_0_0_3_4,9141,4570.5,2852,1055,0,1055,0,0,0,2110,0,0,0,0,1.0,2852,31.200087517777046,100.0,0.0,0,100.0,0.0,100.0,30.0,0.0,0.0,0.0,80.0
0_0_3_4_4,0_0_3_4_4,2423,1211.5,775,305,0,305,0,0,0,610,0,0,0,0,1.0,775,31.985142385472553,100.0,0.0,0,100.0,0.0,100.0,30.0,0.0,0.0,0.0,80.0
0_3_3_4_4,0_3_3_4_4,1264,632.0,350,131,0,131,0,0,0,262,0,0,0,0,1.0,350,27.689873417721518,100.0,0.0,0,100.0,0.0,100.0,30.0,0.0,0.0,0.0,80.0
2_3_3_4_4,2_3_3_4_4,632,316.0,235,92,0,92,0,0,0,184,0,0,0,0,1.0,235,37.18354430379747,100.0,0.0,0,100.0,0.0,100.0,30.0,0.0,0.0,0.0,80.0
0_0_2_3_5,0_0_2_3_5,7089,3544.5,2258,865,0,865,0,0,0,1730,0,0,0,0,1.0,2258,31.852165326562282,100.0,0.0,0,100.0,0.0,100.0,30.0,0.0,0.0,0.0,80.0
0_0_2_5_5,0_0_2_5_5,4692,2346.0,1489,547,0,547,0,0,0,1094,0,0,0,0,1.0,1489,31.734867860187556,100.0,0.0,0,100.0,0.0,100.0,30.0,0.0,0.0,0.0,80.0
0_2_3_5_5,0_2_3_5_5,5180,2590.0,1620,610,0,610,0,0,0,1220,0,0,0,0,1.0,1620,31.27413127413127,100.0,0.0,0,100.0,0.0,100.0,30.0,0.0,0.0,0.0,80.0
0_0_3_5_5,0_0_3_5_5,1535,767.5,502,192,0,192,0,0,0,384,0,0,0,0,1.0,502,32.703583061889255,100.0,0.0,0,100.0,0.0,100.0,30.0,0.0,0.0,0.0,80.0
0_0_0_5_5,0_0_0_5_5,2263,1131.5,631,213,0,213,0,0,0,426,0,0,0,0,1.0,631,27.883340698188245,100.0,0.0,0,100.0,0.0,100.0,30.0,0.0,0.0,0.0,80.0
0_0_0_2_5,0_0_0_2_5,7272,3636.0,2228,828,0,828,0,0,0,1656,0,0,0,0,1.0,2228,30.63806380638064,100.0,0.0,0,100.0,0.0,100.0,30.0,0.0,0.0,0.0,80.0
0_0_0_0_5,0_0_0_0_5,6238,3119.0,1869,657,0,657,0,0,0,1314,0,0,0,0,1.0,1869,29.961526130169926,100.0,0.0,0,100.0,0.0,100.0,30.0,0.0,0.0,0.0,80.0
0_0_0_0_3,0_0_0_0_3,2960,1480.0,912,344,0,344,0,0,0,688,0,0,0,0,1.0,912,30.810810810810814,100.0,0.0,0,100.0,0.0,100.0,30.0,0.0,0.0,0.0,80.0
0_0_0_2_3,0_0_0_2_3,3632,1816.0,992,364,0,364,0,0,0,728,0,0,0,0,1.0,992,27.312775330396477,100.0,0.0,0,100.0,0.0,100.0,30.0,0.0,0.0,0.0,80.0
0_1_3_5_7,0_1_3_5_7,1708,854.0,557,212,0,212,0,0,0,424,0,0,0,0,1.0,557,32.61124121779859,100.0,0.0,0,100.0,0.0,100.0,30.0,0.0,0.0,0.0,80.0
0_3_3_5_5,0_3_3_5_5,1230,615.0,386,151,0,151,0,0,0,302,0,0,0,0,1.0,386,31.382113821138212,100.0,0.0,0,100.0,0.0,100.0,30.0,0.0,0.0,0.0,80.0
1_3_5_5_7,1_3_5_5_7,466,233.0,165,70,0,70,0,0,0,140,0,0,0,0,1.0,165,35.407725321888414,100.0,0.0,0,100.0,0.0,100.0,30.0,0.0,0.0,0.0,80.0
0_1_3_5_5,0_1_3_5_5,2823,1411.5,943,339,0,339,0,0,0,678,0,0,0,0,1.0,943,33.40417995040737,100.0,0.0,0,100.0,0.0,100.0,30.0,0.0,0.0,0.0,80.0
0_0_1_3_7,0_0_1_3_7,543,271.5,137,45,0,45,0,0,0,90,0,0,0,0,1.0,137,25.23020257826888,100.0,0.0,0,100.0,0.0,100.0,30.0,0.0,0.0,0.0,80.0
0_3_5_5_7,0_3_5_5_7,89,44.5,21,8,0,8,0,0,0,16,0,0,0,0,1.0,21,23.595505617977526,100.0,0.0,0,100.0,0.0,100.0,30.0,0.0,0.0,0.0,80.0
0_2_3_3_3,0_2_3_3_3,1221,610.5,373,135,0,135,0,0,0,270,0,0,0,0,1.0,373,30.548730548730546,100.0,0.0,0,100.0,0.0,100.0,30.0,0.0,0.0,0.0,80.0
0_0_3_7_7,0_0_3_7_7,4041,2020.5,1095,392,0,392,0,0,0,784,0,0,0,0,1.0,1095,27.097253155159613,100.0,0.0,0,100.0,0.0,100.0,30.0,0.0,0.0,0.0,80.0
0_3_5_7_7,0_3_5_7_7,2000,1000.0,496,171,0,171,0,0,0,342,0,0,0,0,1.0,496,24.8,100.0,0.0,0,100.0,0.0,100.0,30.0,0.0,0.0,0.0,80.0
0_3_3_7_7,0_3_3_7_7,656,328.0,147,53,0,53,0,0,0,106,0,0,0,0,1.0,147,22.408536585365855,100.0,0.0,0,100.0,0.0,100.0,30.0,0.0,0.0,0.0,80.0
0_0_2_3_7,0_0_2_3_7,4028,2014.0,1366,536,0,536,0,0,0,1072,0,0,0,0,1.0,1366,33.91261171797418,100.0,0.0,0,100.0,0.0,100.0,30.0,0.0,0.0,0.0,80.0
0_0_2_7_7,0_0_2_7_7,498,249.0,158,63,0,63,0,0,0,126,0,0,0,0,1.0,158,31.72690763052209,100.0,0.0,0,100.0,0.0,100.0,30.0,0.0,0.0,0.0,80.0
0_0_1_2_4,0_0_1_2_4,12,6.0,2,0,0,0,0,0,0,0,0,0,0,0,1.0,2,16.666666666666664,100.0,0.0,0,0.0,0.0,0.0,0.0,0.0,0.0,0.0,0.0
0_1_3_4_5,0_1_3_4_5,3583,1791.5,1236,460,0,460,0,0,0,920,0,0,0,0,1.0,1236,34.49623220764722,100.0,0.0,0,100.0,0.0,100.0,30.0,0.0,0.0,0.0,80.0
0_1_4_5_6,0_1_4_5_6,140,70.0,36,10,0,10,0,0,0,20,0,0,0,0,1.0,36,25.71428571428571,100.0,0.0,0,100.0,0.0,100.0,30.0,0.0,0.0,0.0,80.0
0_1_2_3_3,0_1_2_3_3,130,65.0,35,17,0,17,0,0,0,34,0,0,0,0,1.0,35,26.923076923076923,100.0,0.0,0,100.0,0.0,100.0,30.0,0.0,0.0,0.0,80.0
0_0_1_2_3,0_0_1_2_3,216,108.0,55,16,0,16,0,0,0,32,0,0,0,0,1.0,55,25.462962962962965,100.0,0.0,0,100.0,0.0,100.0,30.0,0.0,0.0,0.0,80.0
0_0_0_1_2,0_0_0_1_2,67,33.5,27,12,0,12,0,0,0,24,0,0,0,0,1.0,27,40.298507462686565,100.0,0.0,0,100.0,0.0,100.0,30.0,0.0,0.0,0.0,80.0
0_0_0_0_1,0_0_0_0_1,456,228.0,135,47,0,47,0,0,0,94,0,0,0,0,1.0,135,29.605263157894733,100.0,0.0,0,100.0,0.0,100.0,30.0,0.0,0.0,0.0,80.0
0_1_3_4_7,0_1_3_4_7,3253,1626.5,1064,394,0,394,0,0,0,788,0,0,0,0,1.0,1064,32.70826928988626,100.0,0.0,0,100.0,0.0,100.0,30.0,0.0,0.0,0.0,80.0
1_1_3_4_7,1_1_3_4_7,2004,1002.0,795,354,0,354,0,0,0,708,0,0,0,0,1.0,795,39.67065868263473,100.0,0.0,0,100.0,0.0,100.0,30.0,0.0,0.0,0.0,80.0
1_1_3_5_7,1_1_3_5_7,114,57.0,30,11,0,11,0,0,0,22,0,0,0,0,1.0,30,26.31578947368421,100.0,0.0,0,100.0,0.0,100.0,30.0,0.0,0.0,0.0,80.0
0_1_5_7_7,0_1_5_7_7,278,139.0,103,41,0,41,0,0,0,82,0,0,0,0,1.0,103,37.05035971223021,100.0,0.0,0,100.0,0.0,100.0,30.0,0.0,0.0,0.0,80.0
0_1_1_4_5,0_1_1_4_5,71,35.5,34,16,0,16,0,0,0,32,0,0,0,0,1.0,34,47.88732394366197,100.0,0.0,0,100.0,0.0,100.0,30.0,0.0,0.0,0.0,80.0
0_1_1_3_4,0_1_1_3_4,107,53.5,41,15,0,15,0,0,0,30,0,0,0,0,1.0,41,38.31775700934579,100.0,0.0,0,100.0,0.0,100.0,30.0,0.0,0.0,0.0,80.0
1_1_3_4_5,1_1_3_4_5,252,126.0,83,31,0,31,0,0,0,62,0,0,0,0,1.0,83,32.93650793650794,100.0,0.0,0,100.0,0.0,100.0,30.0,0.0,0.0,0.0,80.0
0_1_1_3_5,0_1_1_3_5,668,334.0,218,76,0,76,0,0,0,152,0,0,0,0,1.0,218,32.634730538922156,100.0,0.0,0,100.0,0.0,100.0,30.0,0.0,0.0,0.0,80.0
2_2_4_5_6,2_2_4_5_6,70,35.0,9,2,0,2,0,0,0,4,0,0,0,0,1.0,9,12.857142857142856,100.0,0.0,0,100.0,0.0,100.0,30.0,0.0,0.0,0.0,80.0
2_3_4_5_6,2_3_4_5_6,1885,942.5,679,284,0,284,0,0,0,568,0,0,0,0,1.0,679,36.0212201591512,100.0,0.0,0,100.0,0.0,100.0,30.0,0.0,0.0,0.0,80.0
2_3_3_4_5,2_3_3_4_5,12108,6054.0,3695,1392,0,1392,0,0,0,2784,0,0,0,0,1.0,3695,30.517013544763792,100.0,0.0,0,100.0,0.0,100.0,30.0,0.0,0.0,0.0,80.0
0_2_3_3_6,0_2_3_3_6,653,326.5,208,77,0,77,0,0,0,154,0,0,0,0,1.0,208,31.852986217457886,100.0,0.0,0,100.0,0.0,100.0,30.0,0.0,0.0,0.0,80.0
0_2_2_3_4,0_2_2_3_4,1147,573.5,345,112,0,112,0,0,0,224,0,0,0,0,1.0,345,30.078465562336532,100.0,0.0,0,100.0,0.0,100.0,30.0,0.0,0.0,0.0,80.0
0_2_3_4_6,0_2_3_4_6,1708,854.0,590,238,0,238,0,0,0,476,0,0,0,0,1.0,590,34.54332552693209,100.0,0.0,0,100.0,0.0,100.0,30.0,0.0,0.0,0.0,80.0
2_3_3_3_6,2_3_3_3_6,17,8.5,5,2,0,2,0,0,0,4,0,0,0,0,1.0,5,29.411764705882355,100.0,0.0,0,100.0,0.0,100.0,30.0,0.0,0.0,0.0,80.0
2_3_3_5_6,2_3_3_5_6,511,255.5,205,78,0,78,0,0,0,156,0,0,0,0,1.0,205,40.11741682974559,100.0,0.0,0,100.0,0.0,100.0,30.0,0.0,0.0,0.0,80.0
0_3_3_4_6,0_3_3_4_6,886,443.0,268,95,0,95,0,0,0,190,0,0,0,0,1.0,268,30.248306997742663,100.0,0.0,0,100.0,0.0,100.0,30.0,0.0,0.0,0.0,80.0
2_3_3_4_6,2_3_3_4_6,948,474.0,376,153,0,153,0,0,0,306,0,0,0,0,1.0,376,39.66244725738397,100.0,0.0,0,100.0,0.0,100.0,30.0,0.0,0.0,0.0,80.0
1_4_5_7_7,1_4_5_7_7,296,148.0,108,44,0,44,0,0,0,88,0,0,0,0,1.0,108,36.486486486486484,100.0,0.0,0,100.0,0.0,100.0,30.0,0.0,0.0,0.0,80.0
1_4_5_5_7,1_4_5_5_7,82,41.0,21,5,0,5,0,0,0,10,0,0,0,0,1.0,21,25.609756097560975,100.0,0.0,0,100.0,0.0,100.0,30.0,0.0,0.0,0.0,80.0
4_5_5_7_7,4_5_5_7_7,67,33.5,21,7,0,7,0,0,0,14,0,0,0,0,1.0,21,31.343283582089555,100.0,0.0,0,100.0,0.0,100.0,30.0,0.0,0.0,0.0,80.0
3_4_5_7_7,3_4_5_7_7,826,413.0,269,102,0,102,0,0,0,204,0,0,0,0,1.0,269,32.56658595641647,100.0,0.0,0,100.0,0.0,100.0,30.0,0.0,0.0,0.0,80.0
0_3_4_5_7,0_3_4_5_7,7614,3807.0,2089,762,0,762,0,0,0,1524,0,0,0,0,1.0,2089,27.436301549776726,100.0,0.0,0,100.0,0.0,100.0,30.0,0.0,0.0,0.0,80.0
3_3_5_7_7,3_3_5_7_7,272,136.0,73,24,0,24,0,0,0,48,0,0,0,0,1.0,73,26.838235294117645,100.0,0.0,0,100.0,0.0,100.0,30.0,0.0,0.0,0.0,80.0
3_3_4_7_7,3_3_4_7_7,818,409.0,188,69,0,69,0,0,0,138,0,0,0,0,1.0,188,22.982885085574573,100.0,0.0,0,100.0,0.0,100.0,30.0,0.0,0.0,0.0,80.0
1_3_4_7_7,1_3_4_7_7,126,63.0,43,15,0,15,0,0,0,30,0,0,0,0,1.0,43,34.12698412698413,100.0,0.0,0,100.0,0.0,100.0,30.0,0.0,0.0,0.0,80.0
1_3_4_5_7,1_3_4_5_7,1038,519.0,368,137,0,137,0,0,0,274,0,0,0,0,1.0,368,35.45279383429673,100.0,0.0,0,100.0,0.0,100.0,30.0,0.0,0.0,0.0,80.0
3_3_4_5_7,3_3_4_5_7,899,449.5,253,85,0,85,0,0,0,170,0,0,0,0,1.0,253,28.142380422691883,100.0,0.0,0,100.0,0.0,100.0,30.0,0.0,0.0,0.0,80.0
0_0_3_4_5,0_0_3_4_5,7191,3595.5,2217,815,0,815,0,0,0,1630,0,0,0,0,1.0,2217,30.830204422194406,100.0,0.0,0,100.0,0.0,100.0,30.0,0.0,0.0,0.0,80.0
0_0_1_2_5,0_0_1_2_5,487,243.5,156,57,0,57,0,0,0,114,0,0,0,0,1.0,156,32.03285420944558,100.0,0.0,0,100.0,0.0,100.0,30.0,0.0,0.0,0.0,80.0
0_2_5_5_7,0_2_5_5_7,1061,530.5,322,112,0,112,0,0,0,224,0,0,0,0,1.0,322,30.348727615457115,100.0,0.0,0,100.0,0.0,100.0,30.0,0.0,0.0,0.0,80.0
0_1_5_5_5,0_1_5_5_5,296,148.0,101,37,0,37,0,0,0,74,0,0,0,0,1.0,101,34.12162162162162,100.0,0.0,0,100.0,0.0,100.0,30.0,0.0,0.0,0.0,80.0
2_3_4_5_7,2_3_4_5_7,3652,1826.0,1222,470,0,470,0,0,0,940,0,0,0,0,1.0,1222,33.461117196056954,100.0,0.0,0,100.0,0.0,100.0,30.0,0.0,0.0,0.0,80.0
1_2_3_4_5,1_2_3_4_5,295,147.5,94,36,0,36,0,0,0,72,0,0,0,0,1.0,94,31.864406779661014,100.0,0.0,0,100.0,0.0,100.0,30.0,0.0,0.0,0.0,80.0
0_1_2_3_4,0_1_2_3_4,29,14.5,8,4,0,4,0,0,0,8,0,0,0,0,1.0,8,27.586206896551722,100.0,0.0,0,100.0,0.0,100.0,30.0,0.0,0.0,0.0,80.0
0_0_1_3_4,0_0_1_3_4,5131,2565.5,1483,569,0,569,0,0,0,1138,0,0,0,0,1.0,1483,28.902748002338726,100.0,0.0,0,100.0,0.0,100.0,30.0,0.0,0.0,0.0,80.0
2_2_3_4_5,2_2_3_4_5,445,222.5,136,46,0,46,0,0,0,92,0,0,0,0,1.0,136,30.56179775280899,100.0,0.0,0,100.0,0.0,100.0,30.0,0.0,0.0,0.0,80.0
0_0_3_3_6,0_0_3_3_6,452,226.0,120,37,0,37,0,0,0,74,0,0,0,0,1.0,120,26.548672566371685,100.0,0.0,0,100.0,0.0,100.0,30.0,0.0,0.0,0.0,80.0
0_0_2_4_5,0_0_2_4_5,3562,1781.0,1080,417,0,417,0,0,0,834,0,0,0,0,1.0,1080,30.320044918585065,100.0,0.0,0,100.0,0.0,100.0,30.0,0.0,0.0,0.0,80.0
0_2_3_4_5,0_2_3_4_5,10563,5281.5,3426,1315,0,1315,0,0,0,2630,0,0,0,0,1.0,3426,32.43396762283442,100.0,0.0,0,100.0,0.0,100.0,30.0,0.0,0.0,0.0,80.0
0_2_3_5_6,0_2_3_5_6,1424,712.0,470,181,0,181,0,0,0,362,0,0,0,0,1.0,470,33.00561797752809,100.0,0.0,0,100.0,0.0,100.0,30.0,0.0,0.0,0.0,80.0
0_2_3_3_5,0_2_3_3_5,8197,4098.5,2689,1025,0,1025,0,0,0,2050,0,0,0,0,1.0,2689,32.804684640722215,100.0,0.0,0,100.0,0.0,100.0,30.0,0.0,0.0,0.0,80.0
2_2_3_3_5,2_2_3_3_5,417,208.5,124,46,0,46,0,0,0,92,0,0,0,0,1.0,124,29.73621103117506,100.0,0.0,0,100.0,0.0,100.0,30.0,0.0,0.0,0.0,80.0
0_0_1_5_5,0_0_1_5_5,1790,895.0,589,228,0,228,0,0,0,456,0,0,0,0,1.0,589,32.9050279329609,100.0,0.0,0,100.0,0.0,100.0,30.0,0.0,0.0,0.0,80.0
0_0_0_3_3,0_0_0_3_3,5052,2526.0,1457,534,0,534,0,0,0,1068,0,0,0,0,1.0,1457,28.84006334125099,100.0,0.0,0,100.0,0.0,100.0,30.0,0.0,0.0,0.0,80.0
2_3_5_7_7,2_3_5_7_7,673,336.5,247,96,0,96,0,0,0,192,0,0,0,0,1.0,247,36.701337295690934,100.0,0.0,0,100.0,0.0,100.0,30.0,0.0,0.0,0.0,80.0
2_3_3_7_7,2_3_3_7_7,241,120.5,81,32,0,32,0,0,0,64,0,0,0,0,1.0,81,33.60995850622407,100.0,0.0,0,100.0,0.0,100.0,30.0,0.0,0.0,0.0,80.0
0_2_3_3_7,0_2_3_3_7,2696,1348.0,859,322,0,322,0,0,0,644,0,0,0,0,1.0,859,31.862017804154302,100.0,0.0,0,100.0,0.0,100.0,30.0,0.0,0.0,0.0,80.0
0_0_0_2_7,0_0_0_2_7,1068,534.0,317,116,0,116,0,0,0,232,0,0,0,0,1.0,317,29.681647940074907,100.0,0.0,0,100.0,0.0,100.0,30.0,0.0,0.0,0.0,80.0
0_1_2_3_5,0_1_2_3_5,189,94.5,51,14,0,14,0,0,0,28,0,0,0,0,1.0,51,26.984126984126984,100.0,0.0,0,100.0,0.0,100.0,30.0,0.0,0.0,0.0,80.0
3_3_5_5_7,3_3_5_5_7,46,23.0,15,5,0,5,0,0,0,10,0,0,0,0,1.0,15,32.608695652173914,100.0,0.0,0,100.0,0.0,100.0,30.0,0.0,0.0,0.0,80.0
1_2_3_5_5,1_2_3_5_5,320,160.0,101,39,0,39,0,0,0,78,0,0,0,0,1.0,101,31.5625,100.0,0.0,0,100.0,0.0,100.0,30.0,0.0,0.0,0.0,80.0
0_2_4_5_7,0_2_4_5_7,5202,2601.0,1596,622,0,622,0,0,0,1244,0,0,0,0,1.0,1596,30.680507497116494,100.0,0.0,0,100.0,0.0,100.0,30.0,0.0,0.0,0.0,80.0
0_0_2_5_7,0_0_2_5_7,3067,1533.5,917,331,0,331,0,0,0,662,0,0,0,0,1.0,917,29.89892402999674,100.0,0.0,0,100.0,0.0,100.0,30.0,0.0,0.0,0.0,80.0
2_3_3_3_5,2_3_3_3_5,2285,1142.5,658,243,0,243,0,0,0,486,0,0,0,0,1.0,658,28.796498905908095,100.0,0.0,0,100.0,0.0,100.0,30.0,0.0,0.0,0.0,80.0
0_3_3_3_7,0_3_3_3_7,833,416.5,230,86,0,86,0,0,0,172,0,0,0,0,1.0,230,27.611044417767104,100.0,0.0,0,100.0,0.0,100.0,30.0,0.0,0.0,0.0,80.0
0_0_3_5_6,0_0_3_5_6,402,201.0,142,54,0,54,0,0,0,108,0,0,0,0,1.0,142,35.32338308457712,100.0,0.0,0,100.0,0.0,100.0,30.0,0.0,0.0,0.0,80.0
0_1_3_3_6,0_1_3_3_6,516,258.0,161,58,0,58,0,0,0,116,0,0,0,0,1.0,161,31.2015503875969,100.0,0.0,0,100.0,0.0,100.0,30.0,0.0,0.0,0.0,80.0
0_0_0_1_3,0_0_0_1_3,2328,1164.0,728,259,0,259,0,0,0,518,0,0,0,0,1.0,728,31.27147766323024,100.0,0.0,0,100.0,0.0,100.0,30.0,0.0,0.0,0.0,80.0
0_3_3_5_6,0_3_3_5_6,949,474.5,310,119,0,119,0,0,0,238,0,0,0,0,1.0,310,32.66596417281349,100.0,0.0,0,100.0,0.0,100.0,30.0,0.0,0.0,0.0,80.0
1_3_3_5_6,1_3_3_5_6,393,196.5,114,41,0,41,0,0,0,82,0,0,0,0,1.0,114,29.00763358778626,100.0,0.0,0,100.0,0.0,100.0,30.0,0.0,0.0,0.0,80.0
0_0_0_3_6,0_0_0_3_6,404,202.0,137,51,0,51,0,0,0,102,0,0,0,0,1.0,137,33.910891089108915,100.0,0.0,0,100.0,0.0,100.0,30.0,0.0,0.0,0.0,80.0
0_1_2_4_5,0_1_2_4_5,37,18.5,7,1,0,1,0,0,0,2,0,0,0,0,1.0,7,18.91891891891892,100.0,0.0,0,100.0,0.0,100.0,30.0,0.0,0.0,0.0,80.0
0_3_4_5_6,0_3_4_5_6,829,414.5,222,81,0,81,0,0,0,162,0,0,0,0,1.0,222,26.77925211097708,100.0,0.0,0,100.0,0.0,100.0,30.0,0.0,0.0,0.0,80.0
0_0_3_4_6,0_0_3_4_6,1114,557.0,304,113,0,113,0,0,0,226,0,0,0,0,1.0,304,27.289048473967686,100.0,0.0,0,100.0,0.0,100.0,30.0,0.0,0.0,0.0,80.0
0_0_4_5_6,0_0_4_5_6,61,30.5,17,8,0,8,0,0,0,16,0,0,0,0,1.0,17,27.86885245901639,100.0,0.0,0,100.0,0.0,100.0,30.0,0.0,0.0,0.0,80.0
0_0_0_5_6,0_0_0_5_6,2398,1199.0,672,226,0,226,0,0,0,452,0,0,0,0,1.0,672,28.023352793994995,100.0,0.0,0,100.0,0.0,100.0,30.0,0.0,0.0,0.0,80.0
0_0_5_5_7,0_0_5_5_7,3296,1648.0,982,343,0,343,0,0,0,686,0,0,0,0,1.0,982,29.79368932038835,100.0,0.0,0,100.0,0.0,100.0,30.0,0.0,0.0,0.0,80.0
0_0_3_4_7,0_0_3_4_7,11408,5704.0,3313,1204,0,1204,0,0,0,2408,0,0,0,0,1.0,3313,29.04102384291725,100.0,0.0,0,100.0,0.0,100.0,30.0,0.0,0.0,0.0,80.0
0_0_4_7_7,0_0_4_7_7,8211,4105.5,2522,917,0,917,0,0,0,1834,0,0,0,0,1.0,2522,30.714894653513582,100.0,0.0,0,100.0,0.0,100.0,30.0,0.0,0.0,0.0,80.0
0_4_6_7_7,0_4_6_7_7,675,337.5,208,77,0,77,0,0,0,154,0,0,0,0,1.0,208,30.814814814814817,100.0,0.0,0,100.0,0.0,100.0,30.0,0.0,0.0,0.0,80.0
0_0_4_6_7,0_0_4_6_7,1566,783.0,407,152,0,152,0,0,0,304,0,0,0,0,1.0,407,25.989782886334613,100.0,0.0,0,100.0,0.0,100.0,30.0,0.0,0.0,0.0,80.0
0_0_5_5_5,0_0_5_5_5,249,124.5,81,29,0,29,0,0,0,58,0,0,0,0,1.0,81,32.53012048192771,100.0,0.0,0,100.0,0.0,100.0,30.0,0.0,0.0,0.0,80.0
0_0_2_4_7,0_0_2_4_7,1939,969.5,607,229,0,229,0,0,0,458,0,0,0,0,1.0,607,31.304796286745745,100.0,0.0,0,100.0,0.0,100.0,30.0,0.0,0.0,0.0,80.0
0_2_5_7_7,0_2_5_7_7,649,324.5,193,71,0,71,0,0,0,142,0,0,0,0,1.0,193,29.738058551617875,100.0,0.0,0,100.0,0.0,100.0,30.0,0.0,0.0,0.0,80.0
2_4_5_5_7,2_4_5_5_7,444,222.0,129,46,0,46,0,0,0,92,0,0,0,0,1.0,129,29.054054054054053,100.0,0.0,0,100.0,0.0,100.0,30.0,0.0,0.0,0.0,80.0
0_2_4_5_5,0_2_4_5_5,471,235.5,145,53,0,53,0,0,0,106,0,0,0,0,1.0,145,30.78556263269639,100.0,0.0,0,100.0,0.0,100.0,30.0,0.0,0.0,0.0,80.0
1_3_4_5_6,1_3_4_5_6,796,398.0,232,87,0,87,0,0,0,174,0,0,0,0,1.0,232,29.145728643216078,100.0,0.0,0,100.0,0.0,100.0,30.0,0.0,0.0,0.0,80.0
0_1_3_4_6,0_1_3_4_6,1737,868.5,521,201,0,201,0,0,0,402,0,0,0,0,1.0,521,29.99424294761082,100.0,0.0,0,100.0,0.0,100.0,30.0,0.0,0.0,0.0,80.0
0_0_5_7_7,0_0_5_7_7,3906,1953.0,1248,466,0,466,0,0,0,932,0,0,0,0,1.0,1248,31.95084485407066,100.0,0.0,0,100.0,0.0,100.0,30.0,0.0,0.0,0.0,80.0
0_2_3_4_7,0_2_3_4_7,6623,3311.5,2177,832,0,832,0,0,0,1664,0,0,0,0,1.0,2177,32.870300468065835,100.0,0.0,0,100.0,0.0,100.0,30.0,0.0,0.0,0.0,80.0
0_2_2_5_7,0_2_2_5_7,172,86.0,49,15,0,15,0,0,0,30,0,0,0,0,1.0,49,28.488372093023255,100.0,0.0,0,100.0,0.0,100.0,30.0,0.0,0.0,0.0,80.0
2_4_4_5_7,2_4_4_5_7,65,32.5,24,7,0,7,0,0,0,14,0,0,0,0,1.0,24,36.92307692307693,100.0,0.0,0,100.0,0.0,100.0,30.0,0.0,0.0,0.0,80.0
0_2_2_4_7,0_2_2_4_7,91,45.5,19,7,0,7,0,0,0,14,0,0,0,0,1.0,19,20.87912087912088,100.0,0.0,0,100.0,0.0,100.0,30.0,0.0,0.0,0.0,80.0
0_0_2_2_3,0_0_2_2_3,336,168.0,113,44,0,44,0,0,0,88,0,0,0,0,1.0,113,33.63095238095239,100.0,0.0,0,100.0,0.0,100.0,30.0,0.0,0.0,0.0,80.0
0_0_0_2_2,0_0_0_2_2,96,48.0,32,14,0,14,0,0,0,28,0,0,0,0,1.0,32,33.33333333333333,100.0,0.0,0,100.0,0.0,100.0,30.0,0.0,0.0,0.0,80.0
2_3_3_5_7,2_3_3_5_7,2894,1447.0,968,376,0,376,0,0,0,752,0,0,0,0,1.0,968,33.44851416724257,100.0,0.0,0,100.0,0.0,100.0,30.0,0.0,0.0,0.0,80.0
3_4_5_5_7,3_4_5_5_7,93,46.5,25,7,0,7,0,0,0,14,0,0,0,0,1.0,25,26.881720430107524,100.0,0.0,0,100.0,0.0,100.0,30.0,0.0,0.0,0.0,80.0
0_0_2_3_6,0_0_2_3_6,273,136.5,94,34,0,34,0,0,0,68,0,0,0,0,1.0,94,34.43223443223443,100.0,0.0,0,100.0,0.0,100.0,30.0,0.0,0.0,0.0,80.0
0_0_0_2_6,0_0_0_2_6,2018,1009.0,577,228,0,228,0,0,0,456,0,0,0,0,1.0,577,28.592666005946484,100.0,0.0,0,100.0,0.0,100.0,30.0,0.0,0.0,0.0,80.0
0_3_3_4_5,0_3_3_4_5,4439,2219.5,1369,502,0,502,0,0,0,1004,0,0,0,0,1.0,1369,30.840279342194187,100.0,0.0,0,100.0,0.0,100.0,30.0,0.0,0.0,0.0,80.0
0_0_1_1_6,0_0_1_1_6,1890,945.0,637,237,0,237,0,0,0,474,0,0,0,0,1.0,637,33.7037037037037,100.0,0.0,0,100.0,0.0,100.0,30.0,0.0,0.0,0.0,80.0
0_0_1_1_5,0_0_1_1_5,100,50.0,30,4,0,4,0,0,0,8,0,0,0,0,1.0,30,30.0,100.0,0.0,0,100.0,0.0,100.0,30.0,0.0,0.0,0.0,80.0
0_0_0_1_1,0_0_0_1_1,287,143.5,91,33,0,33,0,0,0,66,0,0,0,0,1.0,91,31.70731707317073,100.0,0.0,0,100.0,0.0,100.0,30.0,0.0,0.0,0.0,80.0
0_0_0_0_0,0_0_0_0_0,1172,586.0,355,117,0,117,0,0,0,234,0,0,0,0,1.0,355,30.2901023890785,100.0,0.0,0,100.0,0.0,100.0,30.0,0.0,0.0,0.0,80.0
0_1_1_4_7,0_1_1_4_7,448,224.0,161,51,0,51,0,0,0,102,0,0,0,0,1.0,161,35.9375,100.0,0.0,0,100.0,0.0,100.0,30.0,0.0,0.0,0.0,80.0
0_0_1_1_4,0_0_1_1_4,327,163.5,125,50,0,50,0,0,0,100,0,0,0,0,1.0,125,38.226299694189606,100.0,0.0,0,100.0,0.0,100.0,30.0,0.0,0.0,0.0,80.0
0_0_3_3_3,0_0_3_3_3,1642,821.0,514,197,0,197,0,0,0,394,0,0,0,0,1.0,514,31.303288672350792,100.0,0.0,0,100.0,0.0,100.0,30.0,0.0,0.0,0.0,80.0
3_5_5_7_7,3_5_5_7_7,454,227.0,136,57,0,57,0,0,0,114,0,0,0,0,1.0,136,29.955947136563875,100.0,0.0,0,100.0,0.0,100.0,30.0,0.0,0.0,0.0,80.0
0_3_3_4_7,0_3_3_4_7,6026,3013.0,1824,665,0,665,0,0,0,1330,0,0,0,0,1.0,1824,30.268835048124792,100.0,0.0,0,100.0,0.0,100.0,30.0,0.0,0.0,0.0,80.0
0_3_4_7_7,0_3_4_7_7,5437,2718.5,1522,539,0,539,0,0,0,1078,0,0,0,0,1.0,1522,27.99337870148979,100.0,0.0,0,100.0,0.0,100.0,30.0,0.0,0.0,0.0,80.0
2_2_4_5_7,2_2_4_5_7,40,20.0,17,6,0,6,0,0,0,12,0,0,0,0,1.0,17,42.5,100.0,0.0,0,100.0,0.0,100.0,30.0,0.0,0.0,0.0,80.0
2_2_3_4_7,2_2_3_4_7,426,213.0,119,45,0,45,0,0,0,90,0,0,0,0,1.0,119,27.93427230046948,100.0,0.0,0,100.0,0.0,100.0,30.0,0.0,0.0,0.0,80.0
2_2_3_5_7,2_2_3_5_7,875,437.5,280,96,0,96,0,0,0,192,0,0,0,0,1.0,280,32.0,100.0,0.0,0,100.0,0.0,100.0,30.0,0.0,0.0,0.0,80.0
0_2_3_5_7,0_2_3_5_7,6716,3358.0,2108,801,0,801,0,0,0,1602,0,0,0,0,1.0,2108,31.38773079213818,100.0,0.0,0,100.0,0.0,100.0,30.0,0.0,0.0,0.0,80.0
0_2_3_7_7,0_2_3_7_7,983,491.5,313,112,0,112,0,0,0,224,0,0,0,0,1.0,313,31.841302136317395,100.0,0.0,0,100.0,0.0,100.0,30.0,0.0,0.0,0.0,80.0
1_3_3_5_5,1_3_3_5_5,213,106.5,87,28,0,28,0,0,0,56,0,0,0,0,1.0,87,40.845070422535215,100.0,0.0,0,100.0,0.0,100.0,30.0,0.0,0.0,0.0,80.0
0_2_4_5_6,0_2_4_5_6,189,94.5,71,28,0,28,0,0,0,56,0,0,0,0,1.0,71,37.56613756613756,100.0,0.0,0,100.0,0.0,100.0,30.0,0.0,0.0,0.0,80.0
0_0_1_4_6,0_0_1_4_6,53,26.5,8,3,0,3,0,0,0,6,0,0,0,0,1.0,8,15.09433962264151,100.0,0.0,0,100.0,0.0,100.0,30.0,0.0,0.0,0.0,80.0
0_0_0_0_6,0_0_0_0_6,1507,753.5,421,147,0,147,0,0,0,294,0,0,0,0,1.0,421,27.93629727936297,100.0,0.0,0,100.0,0.0,100.0,30.0,0.0,0.0,0.0,80.0
0_0_0_1_6,0_0_0_1_6,14,7.0,4,1,0,1,0,0,0,2,0,0,0,0,1.0,4,28.57142857142857,100.0,0.0,0,100.0,0.0,100.0,30.0,0.0,0.0,0.0,80.0
1_3_4_5_5,1_3_4_5_5,193,96.5,65,22,0,22,0,0,0,44,0,0,0,0,1.0,65,33.67875647668394,100.0,0.0,0,100.0,0.0,100.0,30.0,0.0,0.0,0.0,80.0
3_3_3_7_7,3_3_3_7_7,33,16.5,13,4,0,4,0,0,0,8,0,0,0,0,1.0,13,39.39393939393939,100.0,0.0,0,100.0,0.0,100.0,30.0,0.0,0.0,0.0,80.0
0_0_0_4_6,0_0_0_4_6,385,192.5,94,31,0,31,0,0,0,62,0,0,0,0,1.0,94,24.415584415584416,100.0,0.0,0,100.0,0.0,100.0,30.0,0.0,0.0,0.0,80.0
0_2_4_4_7,0_2_4_4_7,943,471.5,317,128,0,128,0,0,0,256,0,0,0,0,1.0,317,33.61611876988335,100.0,0.0,0,100.0,0.0,100.0,30.0,0.0,0.0,0.0,80.0
0_0_2_2_7,0_0_2_2_7,52,26.0,30,12,0,12,0,0,0,24,0,0,0,0,1.0,30,57.692307692307686,100.0,0.0,0,100.0,0.0,100.0,30.0,0.0,0.0,0.0,80.0
2_3_5_5_7,2_3_5_5_7,122,61.0,53,19,0,19,0,0,0,38,0,0,0,0,1.0,53,43.44262295081967,100.0,0.0,0,100.0,0.0,100.0,30.0,0.0,0.0,0.0,80.0
1_1_3_3_6,1_1_3_3_6,240,120.0,75,32,0,32,0,0,0,64,0,0,0,0,1.0,75,31.25,100.0,0.0,0,100.0,0.0,100.0,30.0,0.0,0.0,0.0,80.0
0_1_3_3_3,0_1_3_3_3,921,460.5,264,103,0,103,0,0,0,206,0,0,0,0,1.0,264,28.664495114006517,100.0,0.0,0,100.0,0.0,100.0,30.0,0.0,0.0,0.0,80.0
0_3_3_3_5,0_3_3_3_5,2038,1019.0,597,221,0,221,0,0,0,442,0,0,0,0,1.0,597,29.29342492639843,100.0,0.0,0,100.0,0.0,100.0,30.0,0.0,0.0,0.0,80.0
1_3_3_5_7,1_3_3_5_7,277,138.5,73,30,0,30,0,0,0,60,0,0,0,0,1.0,73,26.353790613718413,100.0,0.0,0,100.0,0.0,100.0,30.0,0.0,0.0,0.0,80.0
0_1_3_3_4,0_1_3_3_4,5848,2924.0,1828,689,0,689,0,0,0,1378,0,0,0,0,1.0,1828,31.258549931600548,100.0,0.0,0,100.0,0.0,100.0,30.0,0.0,0.0,0.0,80.0
1_2_3_3_4,1_2_3_3_4,244,122.0,94,41,0,41,0,0,0,82,0,0,0,0,1.0,94,38.52459016393443,100.0,0.0,0,100.0,0.0,100.0,30.0,0.0,0.0,0.0,80.0
2_3_3_4_7,2_3_3_4_7,3809,1904.5,1302,499,0,499,0,0,0,998,0,0,0,0,1.0,1302,34.18220005250722,100.0,0.0,0,100.0,0.0,100.0,30.0,0.0,0.0,0.0,80.0
0_0_0_6_7,0_0_0_6_7,631,315.5,181,63,0,63,0,0,0,126,0,0,0,0,1.0,181,28.68462757527734,100.0,0.0,0,100.0,0.0,100.0,30.0,0.0,0.0,0.0,80.0
1_2_3_5_7,1_2_3_5_7,49,24.5,12,3,0,3,0,0,0,6,0,0,0,0,1.0,12,24.489795918367346,100.0,0.0,0,100.0,0.0,100.0,30.0,0.0,0.0,0.0,80.0
0_1_2_5_7,0_1_2_5_7,88,44.0,16,2,0,2,0,0,0,4,0,0,0,0,1.0,16,18.181818181818183,100.0,0.0,0,100.0,0.0,100.0,30.0,0.0,0.0,0.0,80.0
0_4_5_7_7,0_4_5_7_7,3819,1909.5,1112,396,0,396,0,0,0,792,0,0,0,0,1.0,1112,29.117570044514267,100.0,0.0,0,100.0,0.0,100.0,30.0,0.0,0.0,0.0,80.0
0_4_5_5_7,0_4_5_5_7,964,482.0,245,90,0,90,0,0,0,180,0,0,0,0,1.0,245,25.414937759336098,100.0,0.0,0,100.0,0.0,100.0,30.0,0.0,0.0,0.0,80.0
0_2_2_3_5,0_2_2_3_5,686,343.0,214,76,0,76,0,0,0,152,0,0,0,0,1.0,214,31.195335276967928,100.0,0.0,0,100.0,0.0,100.0,30.0,0.0,0.0,0.0,80.0
2_2_3_3_6,2_2_3_3_6,192,96.0,52,17,0,17,0,0,0,34,0,0,0,0,1.0,52,27.083333333333332,100.0,0.0,0,100.0,0.0,100.0,30.0,0.0,0.0,0.0,80.0
0_0_0_0_2,0_0_0_0_2,1162,581.0,366,143,0,143,0,0,0,286,0,0,0,0,1.0,366,31.497418244406195,100.0,0.0,0,100.0,0.0,100.0,30.0,0.0,0.0,0.0,80.0
3_3_3_5_7,3_3_3_5_7,107,53.5,29,10,0,10,0,0,0,20,0,0,0,0,1.0,29,27.102803738317753,100.0,0.0,0,100.0,0.0,100.0,30.0,0.0,0.0,0.0,80.0
0_0_6_7_7,0_0_6_7_7,270,135.0,79,29,0,29,0,0,0,58,0,0,0,0,1.0,79,29.259259259259256,100.0,0.0,0,100.0,0.0,100.0,30.0,0.0,0.0,0.0,80.0
0_0_0_7_7,0_0_0_7_7,2510,1255.0,778,275,0,275,0,0,0,550,0,0,0,0,1.0,778,30.996015936254977,100.0,0.0,0,100.0,0.0,100.0,30.0,0.0,0.0,0.0,80.0
1_2_3_3_5,1_2_3_3_5,72,36.0,21,7,0,7,0,0,0,14,0,0,0,0,1.0,21,29.166666666666668,100.0,0.0,0,100.0,0.0,100.0,30.0,0.0,0.0,0.0,80.0
1_3_3_4_5,1_3_3_4_5,1584,792.0,489,181,0,181,0,0,0,362,0,0,0,0,1.0,489,30.87121212121212,100.0,0.0,0,100.0,0.0,100.0,30.0,0.0,0.0,0.0,80.0
0_1_3_3_7,0_1_3_3_7,565,282.5,146,53,0,53,0,0,0,106,0,0,0,0,1.0,146,25.840707964601773,100.0,0.0,0,100.0,0.0,100.0,30.0,0.0,0.0,0.0,80.0
2_3_3_5_5,2_3_3_5_5,3756,1878.0,1157,442,0,442,0,0,0,884,0,0,0,0,1.0,1157,30.804046858359957,100.0,0.0,0,100.0,0.0,100.0,30.0,0.0,0.0,0.0,80.0
2_3_4_5_5,2_3_4_5_5,626,313.0,215,86,0,86,0,0,0,172,0,0,0,0,1.0,215,34.34504792332269,100.0,0.0,0,100.0,0.0,100.0,30.0,0.0,0.0,0.0,80.0
1_3_3_3_6,1_3_3_3_6,68,34.0,34,14,0,14,0,0,0,28,0,0,0,0,1.0,34,50.0,100.0,0.0,0,100.0,0.0,100.0,30.0,0.0,0.0,0.0,80.0
0_1_5_6_7,0_1_5_6_7,19,9.5,7,3,0,3,0,0,0,6,0,0,0,0,1.0,7,36.84210526315789,100.0,0.0,0,100.0,0.0,100.0,30.0,0.0,0.0,0.0,80.0
0_0_5_6_7,0_0_5_6_7,801,400.5,223,78,0,78,0,0,0,156,0,0,0,0,1.0,223,27.84019975031211,100.0,0.0,0,100.0,0.0,100.0,30.0,0.0,0.0,0.0,80.0
4_5_7_7_7,4_5_7_7_7,196,98.0,60,23,0,23,0,0,0,46,0,0,0,0,1.0,60,30.612244897959183,100.0,0.0,0,100.0,0.0,100.0,30.0,0.0,0.0,0.0,80.0
0_2_2_3_7,0_2_2_3_7,276,138.0,77,24,0,24,0,0,0,48,0,0,0,0,1.0,77,27.898550724637683,100.0,0.0,0,100.0,0.0,100.0,30.0,0.0,0.0,0.0,80.0
0_0_2_5_6,0_0_2_5_6,2046,1023.0,593,219,0,219,0,0,0,438,0,0,0,0,1.0,593,28.98338220918866,100.0,0.0,0,100.0,0.0,100.0,30.0,0.0,0.0,0.0,80.0
1_3_5_7_7,1_3_5_7_7,165,82.5,56,18,0,18,0,0,0,36,0,0,0,0,1.0,56,33.939393939393945,100.0,0.0,0,100.0,0.0,100.0,30.0,0.0,0.0,0.0,80.0
0_0_4_5_5,0_0_4_5_5,389,194.5,124,48,0,48,0,0,0,96,0,0,0,0,1.0,124,31.876606683804624,100.0,0.0,0,100.0,0.0,100.0,30.0,0.0,0.0,0.0,80.0
1_2_3_4_7,1_2_3_4_7,32,16.0,6,2,0,2,0,0,0,4,0,0,0,0,1.0,6,18.75,100.0,0.0,0,100.0,0.0,100.0,30.0,0.0,0.0,0.0,80.0
0_1_4_5_5,0_1_4_5_5,625,312.5,192,66,0,66,0,0,0,132,0,0,0,0,1.0,192,30.72,100.0,0.0,0,100.0,0.0,100.0,30.0,0.0,0.0,0.0,80.0
1_1_3_3_3,1_1_3_3_3,37,18.5,12,5,0,5,0,0,0,10,0,0,0,0,1.0,12,32.432432432432435,100.0,0.0,0,100.0,0.0,100.0,30.0,0.0,0.0,0.0,80.0
0_1_3_7_7,0_1_3_7_7,258,129.0,81,28,0,28,0,0,0,56,0,0,0,0,1.0,81,31.3953488372093,100.0,0.0,0,100.0,0.0,100.0,30.0,0.0,0.0,0.0,80.0
1_3_3_7_7,1_3_3_7_7,93,46.5,15,2,0,2,0,0,0,4,0,0,0,0,1.0,15,16.129032258064516,100.0,0.0,0,100.0,0.0,100.0,30.0,0.0,0.0,0.0,80.0
2_2_3_5_6,2_2_3_5_6,157,78.5,55,21,0,21,0,0,0,42,0,0,0,0,1.0,55,35.03184713375796,100.0,0.0,0,100.0,0.0,100.0,30.0,0.0,0.0,0.0,80.0
0_2_2_3_3,0_2_2_3_3,27,13.5,3,1,0,1,0,0,0,2,0,0,0,0,1.0,3,11.11111111111111,100.0,0.0,0,100.0,0.0,100.0,30.0,0.0,0.0,0.0,80.0
0_0_0_2_4,0_0_0_2_4,655,327.5,186,68,0,68,0,0,0,136,0,0,0,0,1.0,186,28.396946564885496,100.0,0.0,0,100.0,0.0,100.0,30.0,0.0,0.0,0.0,80.0
0_0_2_6_6,0_0_2_6_6,32,16.0,6,3,0,3,0,0,0,6,0,0,0,0,1.0,6,18.75,100.0,0.0,0,100.0,0.0,100.0,30.0,0.0,0.0,0.0,80.0
0_2_3_6_6,0_2_3_6_6,190,95.0,61,25,0,25,0,0,0,50,0,0,0,0,1.0,61,32.10526315789474,100.0,0.0,0,100.0,0.0,100.0,30.0,0.0,0.0,0.0,80.0
0_1_4_6_6,0_1_4_6_6,101,50.5,28,9,0,9,0,0,0,18,0,0,0,0,1.0,28,27.722772277227726,100.0,0.0,0,100.0,0.0,100.0,30.0,0.0,0.0,0.0,80.0
1_3_4_6_6,1_3_4_6_6,371,185.5,106,38,0,38,0,0,0,76,0,0,0,0,1.0,106,28.57142857142857,100.0,0.0,0,100.0,0.0,100.0,30.0,0.0,0.0,0.0,80.0
0_0_1_6_7,0_0_1_6_7,54,27.0,11,5,0,5,0,0,0,10,0,0,0,0,1.0,11,20.37037037037037,100.0,0.0,0,100.0,0.0,100.0,30.0,0.0,0.0,0.0,80.0
0_1_1_6_7,0_1_1_6_7,1212,606.0,458,191,0,191,0,0,0,382,0,0,0,0,1.0,458,37.78877887788779,100.0,0.0,0,100.0,0.0,100.0,30.0,0.0,0.0,0.0,80.0
0_1_3_6_7,0_1_3_6_7,359,179.5,88,28,0,28,0,0,0,56,0,0,0,0,1.0,88,24.512534818941504,100.0,0.0,0,100.0,0.0,100.0,30.0,0.0,0.0,0.0,80.0
0_1_1_3_7,0_1_1_3_7,18,9.0,7,3,0,3,0,0,0,6,0,0,0,0,1.0,7,38.88888888888889,100.0,0.0,0,100.0,0.0,100.0,30.0,0.0,0.0,0.0,80.0
1_1_3_6_7,1_1_3_6_7,18,9.0,7,3,0,3,0,0,0,6,0,0,0,0,1.0,7,38.88888888888889,100.0,0.0,0,100.0,0.0,100.0,30.0,0.0,0.0,0.0,80.0
0_1_5_5_7,0_1_5_5_7,1947,973.5,653,259,0,259,0,0,0,518,0,0,0,0,1.0,653,33.538777606574214,100.0,0.0,0,100.0,0.0,100.0,30.0,0.0,0.0,0.0,80.0
0_0_3_6_7,0_0_3_6_7,1119,559.5,361,141,0,141,0,0,0,282,0,0,0,0,1.0,361,32.2609472743521,100.0,0.0,0,100.0,0.0,100.0,30.0,0.0,0.0,0.0,80.0
0_3_3_6_7,0_3_3_6_7,1121,560.5,365,128,0,128,0,0,0,256,0,0,0,0,1.0,365,32.56021409455843,100.0,0.0,0,100.0,0.0,100.0,30.0,0.0,0.0,0.0,80.0
3_3_3_6_7,3_3_3_6_7,56,28.0,21,6,0,6,0,0,0,12,0,0,0,0,1.0,21,37.5,100.0,0.0,0,100.0,0.0,100.0,30.0,0.0,0.0,0.0,80.0
0_3_5_6_7,0_3_5_6_7,382,191.0,99,40,0,40,0,0,0,80,0,0,0,0,1.0,99,25.916230366492147,100.0,0.0,0,100.0,0.0,100.0,30.0,0.0,0.0,0.0,80.0
2_2_3_4_6,2_2_3_4_6,167,83.5,55,20,0,20,0,0,0,40,0,0,0,0,1.0,55,32.93413173652694,100.0,0.0,0,100.0,0.0,100.0,30.0,0.0,0.0,0.0,80.0
2_3_4_4_7,2_3_4_4_7,3663,1831.5,1506,625,0,625,0,0,0,1250,0,0,0,0,1.0,1506,41.11384111384112,100.0,0.0,0,100.0,0.0,100.0,30.0,0.0,0.0,0.0,80.0
3_4_4_5_7,3_4_4_5_7,625,312.5,176,66,0,66,0,0,0,132,0,0,0,0,1.0,176,28.16,100.0,0.0,0,100.0,0.0,100.0,30.0,0.0,0.0,0.0,80.0
3_3_4_4_5,3_3_4_4_5,277,138.5,97,34,0,34,0,0,0,68,0,0,0,0,1.0,97,35.018050541516246,100.0,0.0,0,100.0,0.0,100.0,30.0,0.0,0.0,0.0,80.0
0_1_2_4_7,0_1_2_4_7,54,27.0,16,7,0,7,0,0,0,14,0,0,0,0,1.0,16,29.629629629629626,100.0,0.0,0,100.0,0.0,100.0,30.0,0.0,0.0,0.0,80.0
2_3_4_4_5,2_3_4_4_5,283,141.5,98,42,0,42,0,0,0,84,0,0,0,0,1.0,98,34.62897526501767,100.0,0.0,0,100.0,0.0,100.0,30.0,0.0,0.0,0.0,80.0
1_4_5_6_6,1_4_5_6_6,68,34.0,25,9,0,9,0,0,0,18,0,0,0,0,1.0,25,36.76470588235294,100.0,0.0,0,100.0,0.0,100.0,30.0,0.0,0.0,0.0,80.0
0_0_3_6_6,0_0_3_6_6,688,344.0,185,73,0,73,0,0,0,146,0,0,0,0,1.0,185,26.889534883720927,100.0,0.0,0,100.0,0.0,100.0,30.0,0.0,0.0,0.0,80.0
0_0_0_6_6,0_0_0_6_6,153,76.5,36,13,0,13,0,0,0,26,0,0,0,0,1.0,36,23.52941176470588,100.0,0.0,0,100.0,0.0,100.0,30.0,0.0,0.0,0.0,80.0
1_3_5_6_7,1_3_5_6_7,393,196.5,100,30,0,30,0,0,0,60,0,0,0,0,1.0,100,25.44529262086514,100.0,0.0,0,100.0,0.0,100.0,30.0,0.0,0.0,0.0,80.0
2_4_5_7_7,2_4_5_7_7,384,192.0,119,47,0,47,0,0,0,94,0,0,0,0,1.0,119,30.989583333333332,100.0,0.0,0,100.0,0.0,100.0,30.0,0.0,0.0,0.0,80.0
1_1_3_3_5,1_1_3_3_5,344,172.0,143,53,0,53,0,0,0,106,0,0,0,0,1.0,143,41.56976744186046,100.0,0.0,0,100.0,0.0,100.0,30.0,0.0,0.0,0.0,80.0
0_3_4_4_7,0_3_4_4_7,4525,2262.5,1396,514,0,514,0,0,0,1028,0,0,0,0,1.0,1396,30.85082872928177,100.0,0.0,0,100.0,0.0,100.0,30.0,0.0,0.0,0.0,80.0
0_1_3_6_6,0_1_3_6_6,55,27.5,15,5,0,5,0,0,0,10,0,0,0,0,1.0,15,27.27272727272727,100.0,0.0,0,100.0,0.0,100.0,30.0,0.0,0.0,0.0,80.0
0_0_1_6_6,0_0_1_6_6,203,101.5,70,29,0,29,0,0,0,58,0,0,0,0,1.0,70,34.48275862068966,100.0,0.0,0,100.0,0.0,100.0,30.0,0.0,0.0,0.0,80.0
1_1_4_5_7,1_1_4_5_7,86,43.0,41,18,0,18,0,0,0,36,0,0,0,0,1.0,41,47.674418604651166,100.0,0.0,0,100.0,0.0,100.0,30.0,0.0,0.0,0.0,80.0
0_2_4_6_6,0_2_4_6_6,118,59.0,17,8,0,8,0,0,0,16,0,0,0,0,1.0,17,14.40677966101695,100.0,0.0,0,100.0,0.0,100.0,30.0,0.0,0.0,0.0,80.0
0_1_2_5_6,0_1_2_5_6,10,5.0,1,0,0,0,0,0,0,0,0,0,0,0,1.0,1,10.0,100.0,0.0,0,0.0,0.0,0.0,0.0,0.0,0.0,0.0,0.0
1_2_3_5_6,1_2_3_5_6,54,27.0,21,8,0,8,0,0,0,16,0,0,0,0,1.0,21,38.88888888888889,100.0,0.0,0,100.0,0.0,100.0,30.0,0.0,0.0,0.0,80.0
0_1_4_7_7,0_1_4_7_7,396,198.0,149,57,0,57,0,0,0,114,0,0,0,0,1.0,149,37.62626262626262,100.0,0.0,0,100.0,0.0,100.0,30.0,0.0,0.0,0.0,80.0
1_3_3_6_7,1_3_3_6_7,117,58.5,18,8,0,8,0,0,0,16,0,0,0,0,1.0,18,15.384615384615385,100.0,0.0,0,100.0,0.0,100.0,30.0,0.0,0.0,0.0,80.0
3_3_5_6_7,3_3_5_6_7,301,150.5,85,25,0,25,0,0,0,50,0,0,0,0,1.0,85,28.23920265780731,100.0,0.0,0,100.0,0.0,100.0,30.0,0.0,0.0,0.0,80.0
3_3_4_5_6,3_3_4_5_6,188,94.0,51,14,0,14,0,0,0,28,0,0,0,0,1.0,51,27.127659574468083,100.0,0.0,0,100.0,0.0,100.0,30.0,0.0,0.0,0.0,80.0
3_3_3_4_5,3_3_3_4_5,1015,507.5,258,97,0,97,0,0,0,194,0,0,0,0,1.0,258,25.418719211822662,100.0,0.0,0,100.0,0.0,100.0,30.0,0.0,0.0,0.0,80.0
0_0_2_2_4,0_0_2_2_4,150,75.0,61,26,0,26,0,0,0,52,0,0,0,0,1.0,61,40.666666666666664,100.0,0.0,0,100.0,0.0,100.0,30.0,0.0,0.0,0.0,80.0
2_2_3_3_4,2_2_3_3_4,405,202.5,113,34,0,34,0,0,0,68,0,0,0,0,1.0,113,27.901234567901234,100.0,0.0,0,100.0,0.0,100.0,30.0,0.0,0.0,0.0,80.0
1_1_4_7_7,1_1_4_7_7,89,44.5,31,11,0,11,0,0,0,22,0,0,0,0,1.0,31,34.831460674157306,100.0,0.0,0,100.0,0.0,100.0,30.0,0.0,0.0,0.0,80.0
5_5_7_7_7,5_5_7_7_7,54,27.0,9,2,0,2,0,0,0,4,0,0,0,0,1.0,9,16.666666666666664,100.0,0.0,0,100.0,0.0,100.0,30.0,0.0,0.0,0.0,80.0
3_5_7_7_7,3_5_7_7_7,607,303.5,201,76,0,76,0,0,0,152,0,0,0,0,1.0,201,33.113673805601316,100.0,0.0,0,100.0,0.0,100.0,30.0,0.0,0.0,0.0,80.0
3_3_3_5_6,3_3_3_5_6,32,16.0,10,4,0,4,0,0,0,8,0,0,0,0,1.0,10,31.25,100.0,0.0,0,100.0,0.0,100.0,30.0,0.0,0.0,0.0,80.0
0_0_4_4_7,0_0_4_4_7,3368,1684.0,1032,365,0,365,0,0,0,730,0,0,0,0,1.0,1032,30.641330166270787,100.0,0.0,0,100.0,0.0,100.0,30.0,0.0,0.0,0.0,80.0
0_3_4_5_5,0_3_4_5_5,543,271.5,152,49,0,49,0,0,0,98,0,0,0,0,1.0,152,27.992633517495396,100.0,0.0,0,100.0,0.0,100.0,30.0,0.0,0.0,0.0,80.0
2_3_5_6_6,2_3_5_6_6,214,107.0,87,32,0,32,0,0,0,64,0,0,0,0,1.0,87,40.654205607476634,100.0,0.0,0,100.0,0.0,100.0,30.0,0.0,0.0,0.0,80.0
0_3_5_6_6,0_3_5_6_6,384,192.0,115,34,0,34,0,0,0,68,0,0,0,0,1.0,115,29.947916666666668,100.0,0.0,0,100.0,0.0,100.0,30.0,0.0,0.0,0.0,80.0
0_0_2_4_6,0_0_2_4_6,174,87.0,47,14,0,14,0,0,0,28,0,0,0,0,1.0,47,27.011494252873565,100.0,0.0,0,100.0,0.0,100.0,30.0,0.0,0.0,0.0,80.0
1_3_3_4_7,1_3_3_4_7,543,271.5,167,68,0,68,0,0,0,136,0,0,0,0,1.0,167,30.755064456721914,100.0,0.0,0,100.0,0.0,100.0,30.0,0.0,0.0,0.0,80.0
1_1_3_7_7,1_1_3_7_7,30,15.0,9,4,0,4,0,0,0,8,0,0,0,0,1.0,9,30.0,100.0,0.0,0,100.0,0.0,100.0,30.0,0.0,0.0,0.0,80.0
0_1_5_6_6,0_1_5_6_6,291,145.5,79,31,0,31,0,0,0,62,0,0,0,0,1.0,79,27.147766323024054,100.0,0.0,0,100.0,0.0,100.0,30.0,0.0,0.0,0.0,80.0
0_2_5_6_6,0_2_5_6_6,30,15.0,13,5,0,5,0,0,0,10,0,0,0,0,1.0,13,43.333333333333336,100.0,0.0,0,100.0,0.0,100.0,30.0,0.0,0.0,0.0,80.0
3_3_4_5_5,3_3_4_5_5,383,191.5,115,39,0,39,0,0,0,78,0,0,0,0,1.0,115,30.026109660574413,100.0,0.0,0,100.0,0.0,100.0,30.0,0.0,0.0,0.0,80.0
2_4_5_6_6,2_4_5_6_6,128,64.0,48,14,0,14,0,0,0,28,0,0,0,0,1.0,48,37.5,100.0,0.0,0,100.0,0.0,100.0,30.0,0.0,0.0,0.0,80.0
0_4_5_6_6,0_4_5_6_6,39,19.5,15,5,0,5,0,0,0,10,0,0,0,0,1.0,15,38.46153846153847,100.0,0.0,0,100.0,0.0,100.0,30.0,0.0,0.0,0.0,80.0
0_3_3_3_6,0_3_3_3_6,239,119.5,83,32,0,32,0,0,0,64,0,0,0,0,1.0,83,34.72803347280335,100.0,0.0,0,100.0,0.0,100.0,30.0,0.0,0.0,0.0,80.0
2_5_5_7_7,2_5_5_7_7,279,139.5,96,37,0,37,0,0,0,74,0,0,0,0,1.0,96,34.40860215053764,100.0,0.0,0,100.0,0.0,100.0,30.0,0.0,0.0,0.0,80.0
0_5_5_7_7,0_5_5_7_7,164,82.0,44,14,0,14,0,0,0,28,0,0,0,0,1.0,44,26.82926829268293,100.0,0.0,0,100.0,0.0,100.0,30.0,0.0,0.0,0.0,80.0
0_2_4_7_7,0_2_4_7_7,306,153.0,80,30,0,30,0,0,0,60,0,0,0,0,1.0,80,26.143790849673206,100.0,0.0,0,100.0,0.0,100.0,30.0,0.0,0.0,0.0,80.0
0_2_2_4_6,0_2_2_4_6,69,34.5,33,15,0,15,0,0,0,30,0,0,0,0,1.0,33,47.82608695652174,100.0,0.0,0,100.0,0.0,100.0,30.0,0.0,0.0,0.0,80.0
1_1_5_6_7,1_1_5_6_7,126,63.0,39,10,0,10,0,0,0,20,0,0,0,0,1.0,39,30.952380952380953,100.0,0.0,0,100.0,0.0,100.0,30.0,0.0,0.0,0.0,80.0
3_3_3_3_5,3_3_3_3_5,243,121.5,60,22,0,22,0,0,0,44,0,0,0,0,1.0,60,24.691358024691358,100.0,0.0,0,100.0,0.0,100.0,30.0,0.0,0.0,0.0,80.0
0_1_6_6_7,0_1_6_6_7,66,33.0,15,5,0,5,0,0,0,10,0,0,0,0,1.0,15,22.727272727272727,100.0,0.0,0,100.0,0.0,100.0,30.0,0.0,0.0,0.0,80.0
0_0_6_6_7,0_0_6_6_7,569,284.5,177,65,0,65,0,0,0,130,0,0,0,0,1.0,177,31.107205623901578,100.0,0.0,0,100.0,0.0,100.0,30.0,0.0,0.0,0.0,80.0
0_3_6_6_7,0_3_6_6_7,263,131.5,70,21,0,21,0,0,0,42,0,0,0,0,1.0,70,26.61596958174905,100.0,0.0,0,100.0,0.0,100.0,30.0,0.0,0.0,0.0,80.0
0_5_6_6_7,0_5_6_6_7,103,51.5,23,8,0,8,0,0,0,16,0,0,0,0,1.0,23,22.330097087378643,100.0,0.0,0,100.0,0.0,100.0,30.0,0.0,0.0,0.0,80.0
2_2_5_5_7,2_2_5_5_7,24,12.0,1,0,0,0,0,0,0,0,0,0,0,0,1.0,1,4.166666666666666,100.0,0.0,0,0.0,0.0,0.0,0.0,0.0,0.0,0.0,0.0
1_4_7_7_7,1_4_7_7_7,567,283.5,192,71,0,71,0,0,0,142,0,0,0,0,1.0,192,33.86243386243386,100.0,0.0,0,100.0,0.0,100.0,30.0,0.0,0.0,0.0,80.0
3_3_4_4_7,3_3_4_4_7,1118,559.0,382,141,0,141,0,0,0,282,0,0,0,0,1.0,382,34.16815742397138,100.0,0.0,0,100.0,0.0,100.0,30.0,0.0,0.0,0.0,80.0
2_2_3_4_4,2_2_3_4_4,172,86.0,63,18,0,18,0,0,0,36,0,0,0,0,1.0,63,36.627906976744185,100.0,0.0,0,100.0,0.0,100.0,30.0,0.0,0.0,0.0,80.0
1_2_3_3_3,1_2_3_3_3,146,73.0,40,12,0,12,0,0,0,24,0,0,0,0,1.0,40,27.397260273972602,100.0,0.0,0,100.0,0.0,100.0,30.0,0.0,0.0,0.0,80.0
0_0_4_6_6,0_0_4_6_6,38,19.0,16,7,0,7,0,0,0,14,0,0,0,0,1.0,16,42.10526315789473,100.0,0.0,0,100.0,0.0,100.0,30.0,0.0,0.0,0.0,80.0
2_3_4_6_6,2_3_4_6_6,55,27.5,8,2,0,2,0,0,0,4,0,0,0,0,1.0,8,14.545454545454545,100.0,0.0,0,100.0,0.0,100.0,30.0,0.0,0.0,0.0,80.0
0_2_2_4_5,0_2_2_4_5,223,111.5,63,26,0,26,0,0,0,52,0,0,0,0,1.0,63,28.251121076233183,100.0,0.0,0,100.0,0.0,100.0,30.0,0.0,0.0,0.0,80.0
0_2_5_5_5,0_2_5_5_5,122,61.0,42,16,0,16,0,0,0,32,0,0,0,0,1.0,42,34.42622950819672,100.0,0.0,0,100.0,0.0,100.0,30.0,0.0,0.0,0.0,80.0
1_2_4_5_6,1_2_4_5_6,127,63.5,33,12,0,12,0,0,0,24,0,0,0,0,1.0,33,25.984251968503933,100.0,0.0,0,100.0,0.0,100.0,30.0,0.0,0.0,0.0,80.0
0_1_2_6_6,0_1_2_6_6,12,6.0,2,1,0,1,0,0,0,2,0,0,0,0,1.0,2,16.666666666666664,100.0,0.0,0,100.0,0.0,100.0,30.0,0.0,0.0,0.0,80.0
1_2_4_6_6,1_2_4_6_6,87,43.5,28,8,0,8,0,0,0,16,0,0,0,0,1.0,28,32.18390804597701,100.0,0.0,0,100.0,0.0,100.0,30.0,0.0,0.0,0.0,80.0
2_3_3_3_7,2_3_3_3_7,266,133.0,85,37,0,37,0,0,0,74,0,0,0,0,1.0,85,31.954887218045116,100.0,0.0,0,100.0,0.0,100.0,30.0,0.0,0.0,0.0,80.0
1_3_7_7_7,1_3_7_7_7,43,21.5,12,2,0,2,0,0,0,4,0,0,0,0,1.0,12,27.906976744186046,100.0,0.0,0,100.0,0.0,100.0,30.0,0.0,0.0,0.0,80.0
1_3_6_6_7,1_3_6_6_7,140,70.0,22,6,0,6,0,0,0,12,0,0,0,0,1.0,22,15.714285714285714,100.0,0.0,0,100.0,0.0,100.0,30.0,0.0,0.0,0.0,80.0
0_3_3_6_6,0_3_3_6_6,18,9.0,2,0,0,0,0,0,0,0,0,0,0,0,1.0,2,11.11111111111111,100.0,0.0,0,0.0,0.0,0.0,0.0,0.0,0.0,0.0,0.0
0_0_1_7_7,0_0_1_7_7,13,6.5,4,1,0,1,0,0,0,2,0,0,0,0,1.0,4,30.76923076923077,100.0,0.0,0,100.0,0.0,100.0,30.0,0.0,0.0,0.0,80.0
0_2_2_5_5,0_2_2_5_5,94,47.0,34,12,0,12,0,0,0,24,0,0,0,0,1.0,34,36.17021276595745,100.0,0.0,0,100.0,0.0,100.0,30.0,0.0,0.0,0.0,80.0
2_5_5_5_7,2_5_5_5_7,407,203.5,118,45,0,45,0,0,0,90,0,0,0,0,1.0,118,28.992628992628994,100.0,0.0,0,100.0,0.0,100.0,30.0,0.0,0.0,0.0,80.0
1_1_4_5_6,1_1_4_5_6,116,58.0,37,9,0,9,0,0,0,18,0,0,0,0,1.0,37,31.896551724137932,100.0,0.0,0,100.0,0.0,100.0,30.0,0.0,0.0,0.0,80.0
0_1_1_4_6,0_1_1_4_6,116,58.0,44,16,0,16,0,0,0,32,0,0,0,0,1.0,44,37.93103448275862,100.0,0.0,0,100.0,0.0,100.0,30.0,0.0,0.0,0.0,80.0
3_3_3_4_6,3_3_3_4_6,61,30.5,17,7,0,7,0,0,0,14,0,0,0,0,1.0,17,27.86885245901639,100.0,0.0,0,100.0,0.0,100.0,30.0,0.0,0.0,0.0,80.0
1_1_3_3_7,1_1_3_3_7,28,14.0,5,2,0,2,0,0,0,4,0,0,0,0,1.0,5,17.857142857142858,100.0,0.0,0,100.0,0.0,100.0,30.0,0.0,0.0,0.0,80.0
1_5_5_7_7,1_5_5_7_7,48,24.0,22,7,0,7,0,0,0,14,0,0,0,0,1.0,22,45.83333333333333,100.0,0.0,0,100.0,0.0,100.0,30.0,0.0,0.0,0.0,80.0
1_5_7_7_7,1_5_7_7_7,45,22.5,16,8,0,8,0,0,0,16,0,0,0,0,1.0,16,35.55555555555556,100.0,0.0,0,100.0,0.0,100.0,30.0,0.0,0.0,0.0,80.0
1_1_3_3_4,1_1_3_3_4,80,40.0,47,20,0,20,0,0,0,40,0,0,0,0,1.0,47,58.75,100.0,0.0,0,100.0,0.0,100.0,30.0,0.0,0.0,0.0,80.0
1_3_5_6_6,1_3_5_6_6,219,109.5,67,28,0,28,0,0,0,56,0,0,0,0,1.0,67,30.59360730593607,100.0,0.0,0,100.0,0.0,100.0,30.0,0.0,0.0,0.0,80.0
0_3_3_3_3,0_3_3_3_3,292,146.0,79,29,0,29,0,0,0,58,0,0,0,0,1.0,79,27.054794520547947,100.0,0.0,0,100.0,0.0,100.0,30.0,0.0,0.0,0.0,80.0
0_0_5_6_6,0_0_5_6_6,97,48.5,11,3,0,3,0,0,0,6,0,0,0,0,1.0,11,11.34020618556701,100.0,0.0,0,100.0,0.0,100.0,30.0,0.0,0.0,0.0,80.0
3_4_7_7_7,3_4_7_7_7,790,395.0,191,68,0,68,0,0,0,136,0,0,0,0,1.0,191,24.17721518987342,100.0,0.0,0,100.0,0.0,100.0,30.0,0.0,0.0,0.0,80.0
2_3_5_5_5,2_3_5_5_5,69,34.5,22,10,0,10,0,0,0,20,0,0,0,0,1.0,22,31.88405797101449,100.0,0.0,0,100.0,0.0,100.0,30.0,0.0,0.0,0.0,80.0
3_3_3_3_7,3_3_3_3_7,11,5.5,3,0,0,0,0,0,0,0,0,0,0,0,1.0,3,27.27272727272727,100.0,0.0,0,0.0,0.0,0.0,0.0,0.0,0.0,0.0,0.0
0_3_4_4_5,0_3_4_4_5,507,253.5,163,61,0,61,0,0,0,122,0,0,0,0,1.0,163,32.149901380670606,100.0,0.0,0,100.0,0.0,100.0,30.0,0.0,0.0,0.0,80.0
1_2_3_4_6,1_2_3_4_6,198,99.0,65,22,0,22,0,0,0,44,0,0,0,0,1.0,65,32.82828282828283,100.0,0.0,0,100.0,0.0,100.0,30.0,0.0,0.0,0.0,80.0
1_3_3_3_5,1_3_3_3_5,308,154.0,104,42,0,42,0,0,0,84,0,0,0,0,1.0,104,33.76623376623377,100.0,0.0,0,100.0,0.0,100.0,30.0,0.0,0.0,0.0,80.0
0_5_5_5_7,0_5_5_5_7,500,250.0,176,65,0,65,0,0,0,130,0,0,0,0,1.0,176,35.199999999999996,100.0,0.0,0,100.0,0.0,100.0,30.0,0.0,0.0,0.0,80.0
5_5_5_7_7,5_5_5_7_7,111,55.5,28,11,0,11,0,0,0,22,0,0,0,0,1.0,28,25.225225225225223,100.0,0.0,0,100.0,0.0,100.0,30.0,0.0,0.0,0.0,80.0
0_3_7_7_7,0_3_7_7_7,527,263.5,145,51,0,51,0,0,0,102,0,0,0,0,1.0,145,27.514231499051235,100.0,0.0,0,100.0,0.0,100.0,30.0,0.0,0.0,0.0,80.0
0_4_7_7_7,0_4_7_7_7,1037,518.5,291,115,0,115,0,0,0,230,0,0,0,0,1.0,291,28.061716489874637,100.0,0.0,0,100.0,0.0,100.0,30.0,0.0,0.0,0.0,80.0
3_3_3_3_4,3_3_3_3_4,454,227.0,132,43,0,43,0,0,0,86,0,0,0,0,1.0,132,29.074889867841406,100.0,0.0,0,100.0,0.0,100.0,30.0,0.0,0.0,0.0,80.0
3_5_5_5_7,3_5_5_5_7,73,36.5,19,7,0,7,0,0,0,14,0,0,0,0,1.0,19,26.027397260273972,100.0,0.0,0,100.0,0.0,100.0,30.0,0.0,0.0,0.0,80.0
0_1_5_5_6,0_1_5_5_6,28,14.0,8,2,0,2,0,0,0,4,0,0,0,0,1.0,8,28.57142857142857,100.0,0.0,0,100.0,0.0,100.0,30.0,0.0,0.0,0.0,80.0
1_3_5_5_6,1_3_5_5_6,103,51.5,28,10,0,10,0,0,0,20,0,0,0,0,1.0,28,27.184466019417474,100.0,0.0,0,100.0,0.0,100.0,30.0,0.0,0.0,0.0,80.0
1_3_3_3_7,1_3_3_3_7,207,103.5,64,18,0,18,0,0,0,36,0,0,0,0,1.0,64,30.917874396135264,100.0,0.0,0,100.0,0.0,100.0,30.0,0.0,0.0,0.0,80.0
1_3_3_3_4,1_3_3_3_4,1098,549.0,352,140,0,140,0,0,0,280,0,0,0,0,1.0,352,32.05828779599271,100.0,0.0,0,100.0,0.0,100.0,30.0,0.0,0.0,0.0,80.0
3_3_3_4_7,3_3_3_4_7,463,231.5,152,52,0,52,0,0,0,104,0,0,0,0,1.0,152,32.82937365010799,100.0,0.0,0,100.0,0.0,100.0,30.0,0.0,0.0,0.0,80.0
0_2_4_4_5,0_2_4_4_5,187,93.5,62,23,0,23,0,0,0,46,0,0,0,0,1.0,62,33.155080213903744,100.0,0.0,0,100.0,0.0,100.0,30.0,0.0,0.0,0.0,80.0
0_0_4_4_5,0_0_4_4_5,222,111.0,80,28,0,28,0,0,0,56,0,0,0,0,1.0,80,36.03603603603604,100.0,0.0,0,100.0,0.0,100.0,30.0,0.0,0.0,0.0,80.0
1_3_3_6_6,1_3_3_6_6,20,10.0,5,2,0,2,0,0,0,4,0,0,0,0,1.0,5,25.0,100.0,0.0,0,100.0,0.0,100.0,30.0,0.0,0.0,0.0,80.0
3_3_6_6_7,3_3_6_6_7,37,18.5,9,1,0,1,0,0,0,2,0,0,0,0,1.0,9,24.324324324324326,100.0,0.0,0,100.0,0.0,100.0,30.0,0.0,0.0,0.0,80.0
0_3_5_5_6,0_3_5_5_6,88,44.0,25,8,0,8,0,0,0,16,0,0,0,0,1.0,25,28.40909090909091,100.0,0.0,0,100.0,0.0,100.0,30.0,0.0,0.0,0.0,80.0
0_0_7_7_7,0_0_7_7_7,91,45.5,25,11,0,11,0,0,0,22,0,0,0,0,1.0,25,27.472527472527474,100.0,0.0,0,100.0,0.0,100.0,30.0,0.0,0.0,0.0,80.0
1_2_5_5_7,1_2_5_5_7,71,35.5,23,9,0,9,0,0,0,18,0,0,0,0,1.0,23,32.3943661971831,100.0,0.0,0,100.0,0.0,100.0,30.0,0.0,0.0,0.0,80.0
2_2_3_5_5,2_2_3_5_5,254,127.0,56,16,0,16,0,0,0,32,0,0,0,0,1.0,56,22.04724409448819,100.0,0.0,0,100.0,0.0,100.0,30.0,0.0,0.0,0.0,80.0
0_3_5_5_5,0_3_5_5_5,401,200.5,102,35,0,35,0,0,0,70,0,0,0,0,1.0,102,25.43640897755611,100.0,0.0,0,100.0,0.0,100.0,30.0,0.0,0.0,0.0,80.0
0_0_5_5_6,0_0_5_5_6,1103,551.5,318,110,0,110,0,0,0,220,0,0,0,0,1.0,318,28.830462375339984,100.0,0.0,0,100.0,0.0,100.0,30.0,0.0,0.0,0.0,80.0
3_5_6_6_7,3_5_6_6_7,44,22.0,12,4,0,4,0,0,0,8,0,0,0,0,1.0,12,27.27272727272727,100.0,0.0,0,100.0,0.0,100.0,30.0,0.0,0.0,0.0,80.0
0_0_0_4_4,0_0_0_4_4,2585,1292.5,796,298,0,298,0,0,0,596,0,0,0,0,1.0,796,30.79303675048356,100.0,0.0,0,100.0,0.0,100.0,30.0,0.0,0.0,0.0,80.0
1_5_6_6_7,1_5_6_6_7,16,8.0,5,1,0,1,0,0,0,2,0,0,0,0,1.0,5,31.25,100.0,0.0,0,100.0,0.0,100.0,30.0,0.0,0.0,0.0,80.0
3_3_3_4_4,3_3_3_4_4,349,174.5,94,27,0,27,0,0,0,54,0,0,0,0,1.0,94,26.93409742120344,100.0,0.0,0,100.0,0.0,100.0,30.0,0.0,0.0,0.0,80.0
0_1_3_4_4,0_1_3_4_4,2570,1285.0,781,312,0,312,0,0,0,624,0,0,0,0,1.0,781,30.389105058365757,100.0,0.0,0,100.0,0.0,100.0,30.0,0.0,0.0,0.0,80.0
1_2_3_4_4,1_2_3_4_4,75,37.5,26,8,0,8,0,0,0,16,0,0,0,0,1.0,26,34.66666666666667,100.0,0.0,0,100.0,0.0,100.0,30.0,0.0,0.0,0.0,80.0
2_2_4_5_5,2_2_4_5_5,102,51.0,41,17,0,17,0,0,0,34,0,0,0,0,1.0,41,40.19607843137255,100.0,0.0,0,100.0,0.0,100.0,30.0,0.0,0.0,0.0,80.0
1_3_4_4_6,1_3_4_4_6,1296,648.0,370,144,0,144,0,0,0,288,0,0,0,0,1.0,370,28.549382716049383,100.0,0.0,0,100.0,0.0,100.0,30.0,0.0,0.0,0.0,80.0
0_3_4_4_6,0_3_4_4_6,88,44.0,24,8,0,8,0,0,0,16,0,0,0,0,1.0,24,27.27272727272727,100.0,0.0,0,100.0,0.0,100.0,30.0,0.0,0.0,0.0,80.0
0_1_4_4_7,0_1_4_4_7,344,172.0,87,27,0,27,0,0,0,54,0,0,0,0,1.0,87,25.290697674418606,100.0,0.0,0,100.0,0.0,100.0,30.0,0.0,0.0,0.0,80.0
1_3_3_4_4,1_3_3_4_4,692,346.0,196,68,0,68,0,0,0,136,0,0,0,0,1.0,196,28.32369942196532,100.0,0.0,0,100.0,0.0,100.0,30.0,0.0,0.0,0.0,80.0
3_3_4_4_6,3_3_4_4_6,66,33.0,14,3,0,3,0,0,0,6,0,0,0,0,1.0,14,21.21212121212121,100.0,0.0,0,100.0,0.0,100.0,30.0,0.0,0.0,0.0,80.0
3_4_4_5_6,3_4_4_5_6,145,72.5,37,9,0,9,0,0,0,18,0,0,0,0,1.0,37,25.517241379310345,100.0,0.0,0,100.0,0.0,100.0,30.0,0.0,0.0,0.0,80.0
2_3_4_6_7,2_3_4_6_7,1415,707.5,523,201,0,201,0,0,0,402,0,0,0,0,1.0,523,36.96113074204947,100.0,0.0,0,100.0,0.0,100.0,30.0,0.0,0.0,0.0,80.0
2_4_5_6_7,2_4_5_6_7,187,93.5,72,28,0,28,0,0,0,56,0,0,0,0,1.0,72,38.50267379679144,100.0,0.0,0,100.0,0.0,100.0,30.0,0.0,0.0,0.0,80.0
2_3_5_6_7,2_3_5_6_7,962,481.0,370,150,0,150,0,0,0,300,0,0,0,0,1.0,370,38.46153846153847,100.0,0.0,0,100.0,0.0,100.0,30.0,0.0,0.0,0.0,80.0
1_2_3_3_6,1_2_3_3_6,134,67.0,35,13,0,13,0,0,0,26,0,0,0,0,1.0,35,26.119402985074625,100.0,0.0,0,100.0,0.0,100.0,30.0,0.0,0.0,0.0,80.0
1_3_4_4_5,1_3_4_4_5,177,88.5,52,23,0,23,0,0,0,46,0,0,0,0,1.0,52,29.37853107344633,100.0,0.0,0,100.0,0.0,100.0,30.0,0.0,0.0,0.0,80.0
1_3_4_4_7,1_3_4_4_7,1044,522.0,355,129,0,129,0,0,0,258,0,0,0,0,1.0,355,34.00383141762452,100.0,0.0,0,100.0,0.0,100.0,30.0,0.0,0.0,0.0,80.0
0_4_4_6_7,0_4_4_6_7,188,94.0,45,15,0,15,0,0,0,30,0,0,0,0,1.0,45,23.93617021276596,100.0,0.0,0,100.0,0.0,100.0,30.0,0.0,0.0,0.0,80.0
0_0_4_4_6,0_0_4_4_6,832,416.0,277,101,0,101,0,0,0,202,0,0,0,0,1.0,277,33.293269230769226,100.0,0.0,0,100.0,0.0,100.0,30.0,0.0,0.0,0.0,80.0
0_2_4_6_7,0_2_4_6_7,484,242.0,170,66,0,66,0,0,0,132,0,0,0,0,1.0,170,35.12396694214876,100.0,0.0,0,100.0,0.0,100.0,30.0,0.0,0.0,0.0,80.0
0_0_2_6_7,0_0_2_6_7,123,61.5,40,17,0,17,0,0,0,34,0,0,0,0,1.0,40,32.52032520325203,100.0,0.0,0,100.0,0.0,100.0,30.0,0.0,0.0,0.0,80.0
0_4_4_5_6,0_4_4_5_6,72,36.0,26,10,0,10,0,0,0,20,0,0,0,0,1.0,26,36.11111111111111,100.0,0.0,0,100.0,0.0,100.0,30.0,0.0,0.0,0.0,80.0
1_3_3_4_6,1_3_3_4_6,467,233.5,113,34,0,34,0,0,0,68,0,0,0,0,1.0,113,24.197002141327623,100.0,0.0,0,100.0,0.0,100.0,30.0,0.0,0.0,0.0,80.0
0_0_2_2_5,0_0_2_2_5,34,17.0,4,1,0,1,0,0,0,2,0,0,0,0,1.0,4,11.76470588235294,100.0,0.0,0,100.0,0.0,100.0,30.0,0.0,0.0,0.0,80.0
0_4_4_5_7,0_4_4_5_7,53,26.5,17,8,0,8,0,0,0,16,0,0,0,0,1.0,17,32.075471698113205,100.0,0.0,0,100.0,0.0,100.0,30.0,0.0,0.0,0.0,80.0
2_3_4_4_6,2_3_4_4_6,1081,540.5,366,121,0,121,0,0,0,242,0,0,0,0,1.0,366,33.85753931544866,100.0,0.0,0,100.0,0.0,100.0,30.0,0.0,0.0,0.0,80.0
2_3_3_6_7,2_3_3_6_7,431,215.5,145,57,0,57,0,0,0,114,0,0,0,0,1.0,145,33.64269141531322,100.0,0.0,0,100.0,0.0,100.0,30.0,0.0,0.0,0.0,80.0
0_3_4_6_7,0_3_4_6_7,2815,1407.5,795,299,0,299,0,0,0,598,0,0,0,0,1.0,795,28.24156305506217,100.0,0.0,0,100.0,0.0,100.0,30.0,0.0,0.0,0.0,80.0
3_3_4_6_7,3_3_4_6_7,265,132.5,77,27,0,27,0,0,0,54,0,0,0,0,1.0,77,29.056603773584904,100.0,0.0,0,100.0,0.0,100.0,30.0,0.0,0.0,0.0,80.0
3_4_5_6_7,3_4_5_6_7,173,86.5,45,15,0,15,0,0,0,30,0,0,0,0,1.0,45,26.011560693641616,100.0,0.0,0,100.0,0.0,100.0,30.0,0.0,0.0,0.0,80.0
0_0_1_4_4,0_0_1_4_4,1103,551.5,340,125,0,125,0,0,0,250,0,0,0,0,1.0,340,30.82502266545784,100.0,0.0,0,100.0,0.0,100.0,30.0,0.0,0.0,0.0,80.0
2_3_3_3_3,2_3_3_3_3,92,46.0,22,8,0,8,0,0,0,16,0,0,0,0,1.0,22,23.91304347826087,100.0,0.0,0,100.0,0.0,100.0,30.0,0.0,0.0,0.0,80.0
2_4_4_5_6,2_4_4_5_6,19,9.5,2,0,0,0,0,0,0,0,0,0,0,0,1.0,2,10.526315789473683,100.0,0.0,0,0.0,0.0,0.0,0.0,0.0,0.0,0.0,0.0
3_4_4_6_7,3_4_4_6_7,742,371.0,198,68,0,68,0,0,0,136,0,0,0,0,1.0,198,26.68463611859838,100.0,0.0,0,100.0,0.0,100.0,30.0,0.0,0.0,0.0,80.0
3_3_7_7_7,3_3_7_7_7,15,7.5,2,0,0,0,0,0,0,0,0,0,0,0,1.0,2,13.333333333333334,100.0,0.0,0,0.0,0.0,0.0,0.0,0.0,0.0,0.0,0.0
0_1_4_4_6,0_1_4_4_6,574,287.0,183,78,0,78,0,0,0,156,0,0,0,0,1.0,183,31.881533101045296,100.0,0.0,0,100.0,0.0,100.0,30.0,0.0,0.0,0.0,80.0
1_2_4_4_6,1_2_4_4_6,28,14.0,14,6,0,6,0,0,0,12,0,0,0,0,1.0,14,50.0,100.0,0.0,0,100.0,0.0,100.0,30.0,0.0,0.0,0.0,80.0
1_3_4_6_7,1_3_4_6_7,1087,543.5,329,117,0,117,0,0,0,234,0,0,0,0,1.0,329,30.266789328426864,100.0,0.0,0,100.0,0.0,100.0,30.0,0.0,0.0,0.0,80.0
1_2_4_6_7,1_2_4_6_7,85,42.5,27,8,0,8,0,0,0,16,0,0,0,0,1.0,27,31.76470588235294,100.0,0.0,0,100.0,0.0,100.0,30.0,0.0,0.0,0.0,80.0
0_1_4_6_7,0_1_4_6_7,429,214.5,122,40,0,40,0,0,0,80,0,0,0,0,1.0,122,28.438228438228435,100.0,0.0,0,100.0,0.0,100.0,30.0,0.0,0.0,0.0,80.0
1_2_4_4_7,1_2_4_4_7,24,12.0,5,1,0,1,0,0,0,2,0,0,0,0,1.0,5,20.833333333333336,100.0,0.0,0,100.0,0.0,100.0,30.0,0.0,0.0,0.0,80.0
1_4_4_6_7,1_4_4_6_7,1238,619.0,421,178,0,178,0,0,0,356,0,0,0,0,1.0,421,34.0064620355412,100.0,0.0,0,100.0,0.0,100.0,30.0,0.0,0.0,0.0,80.0
2_3_4_7_7,2_3_4_7_7,823,411.5,243,87,0,87,0,0,0,174,0,0,0,0,1.0,243,29.52612393681652,100.0,0.0,0,100.0,0.0,100.0,30.0,0.0,0.0,0.0,80.0
3_4_4_7_7,3_4_4_7_7,2737,1368.5,774,289,0,289,0,0,0,578,0,0,0,0,1.0,774,28.279137742053344,100.0,0.0,0,100.0,0.0,100.0,30.0,0.0,0.0,0.0,80.0
0_4_4_7_7,0_4_4_7_7,2753,1376.5,797,283,0,283,0,0,0,566,0,0,0,0,1.0,797,28.950236106066107,100.0,0.0,0,100.0,0.0,100.0,30.0,0.0,0.0,0.0,80.0
0_5_7_7_7,0_5_7_7_7,85,42.5,36,13,0,13,0,0,0,26,0,0,0,0,1.0,36,42.35294117647059,100.0,0.0,0,100.0,0.0,100.0,30.0,0.0,0.0,0.0,80.0
1_2_4_4_5,1_2_4_4_5,72,36.0,22,8,0,8,0,0,0,16,0,0,0,0,1.0,22,30.555555555555557,100.0,0.0,0,100.0,0.0,100.0,30.0,0.0,0.0,0.0,80.0
1_4_4_5_6,1_4_4_5_6,195,97.5,60,20,0,20,0,0,0,40,0,0,0,0,1.0,60,30.76923076923077,100.0,0.0,0,100.0,0.0,100.0,30.0,0.0,0.0,0.0,80.0
0_4_5_6_7,0_4_5_6_7,134,67.0,27,7,0,7,0,0,0,14,0,0,0,0,1.0,27,20.149253731343283,100.0,0.0,0,100.0,0.0,100.0,30.0,0.0,0.0,0.0,80.0
0_4_5_5_6,0_4_5_5_6,97,48.5,23,5,0,5,0,0,0,10,0,0,0,0,1.0,23,23.711340206185564,100.0,0.0,0,100.0,0.0,100.0,30.0,0.0,0.0,0.0,80.0
1_2_4_5_5,1_2_4_5_5,54,27.0,23,10,0,10,0,0,0,20,0,0,0,0,1.0,23,42.592592592592595,100.0,0.0,0,100.0,0.0,100.0,30.0,0.0,0.0,0.0,80.0
0_2_5_6_7,0_2_5_6_7,562,281.0,195,72,0,72,0,0,0,144,0,0,0,0,1.0,195,34.69750889679715,100.0,0.0,0,100.0,0.0,100.0,30.0,0.0,0.0,0.0,80.0
0_1_4_4_5,0_1_4_4_5,118,59.0,38,15,0,15,0,0,0,30,0,0,0,0,1.0,38,32.20338983050847,100.0,0.0,0,100.0,0.0,100.0,30.0,0.0,0.0,0.0,80.0
0_2_3_6_7,0_2_3_6_7,500,250.0,151,52,0,52,0,0,0,104,0,0,0,0,1.0,151,30.2,100.0,0.0,0,100.0,0.0,100.0,30.0,0.0,0.0,0.0,80.0
3_3_3_5_5,3_3_3_5_5,122,61.0,27,9,0,9,0,0,0,18,0,0,0,0,1.0,27,22.131147540983605,100.0,0.0,0,100.0,0.0,100.0,30.0,0.0,0.0,0.0,80.0
0_1_2_6_7,0_1_2_6_7,34,17.0,16,7,0,7,0,0,0,14,0,0,0,0,1.0,16,47.05882352941176,100.0,0.0,0,100.0,0.0,100.0,30.0,0.0,0.0,0.0,80.0
1_4_5_6_7,1_4_5_6_7,41,20.5,16,6,0,6,0,0,0,12,0,0,0,0,1.0,16,39.02439024390244,100.0,0.0,0,100.0,0.0,100.0,30.0,0.0,0.0,0.0,80.0
1_1_3_4_4,1_1_3_4_4,41,20.5,17,8,0,8,0,0,0,16,0,0,0,0,1.0,17,41.46341463414634,100.0,0.0,0,100.0,0.0,100.0,30.0,0.0,0.0,0.0,80.0
3_4_6_7_7,3_4_6_7_7,1552,776.0,392,138,0,138,0,0,0,276,0,0,0,0,1.0,392,25.257731958762886,100.0,0.0,0,100.0,0.0,100.0,30.0,0.0,0.0,0.0,80.0
0_3_6_7_7,0_3_6_7_7,923,461.5,224,78,0,78,0,0,0,156,0,0,0,0,1.0,224,24.26868905742145,100.0,0.0,0,100.0,0.0,100.0,30.0,0.0,0.0,0.0,80.0
2_4_6_7_7,2_4_6_7_7,558,279.0,180,68,0,68,0,0,0,136,0,0,0,0,1.0,180,32.25806451612903,100.0,0.0,0,100.0,0.0,100.0,30.0,0.0,0.0,0.0,80.0
0_5_6_7_7,0_5_6_7_7,95,47.5,35,17,0,17,0,0,0,34,0,0,0,0,1.0,35,36.84210526315789,100.0,0.0,0,100.0,0.0,100.0,30.0,0.0,0.0,0.0,80.0
2_3_6_7_7,2_3_6_7_7,455,227.5,176,68,0,68,0,0,0,136,0,0,0,0,1.0,176,38.681318681318686,100.0,0.0,0,100.0,0.0,100.0,30.0,0.0,0.0,0.0,80.0
3_4_6_6_7,3_4_6_6_7,58,29.0,17,5,0,5,0,0,0,10,0,0,0,0,1.0,17,29.310344827586203,100.0,0.0,0,100.0,0.0,100.0,30.0,0.0,0.0,0.0,80.0
2_5_6_7_7,2_5_6_7_7,84,42.0,26,11,0,11,0,0,0,22,0,0,0,0,1.0,26,30.952380952380953,100.0,0.0,0,100.0,0.0,100.0,30.0,0.0,0.0,0.0,80.0
2_3_5_5_6,2_3_5_5_6,241,120.5,65,24,0,24,0,0,0,48,0,0,0,0,1.0,65,26.970954356846473,100.0,0.0,0,100.0,0.0,100.0,30.0,0.0,0.0,0.0,80.0
1_3_6_7_7,1_3_6_7_7,11,5.5,0,0,0,0,0,0,0,0,0,0,0,0,0.0,0,0.0,100.0,0.0,0,0.0,0.0,0.0,0.0,0.0,0.0,0.0,0.0
1_4_6_6_7,1_4_6_6_7,137,68.5,43,18,0,18,0,0,0,36,0,0,0,0,1.0,43,31.386861313868614,100.0,0.0,0,100.0,0.0,100.0,30.0,0.0,0.0,0.0,80.0
2_2_4_6_7,2_2_4_6_7,15,7.5,1,0,0,0,0,0,0,0,0,0,0,0,1.0,1,6.666666666666667,100.0,0.0,0,0.0,0.0,0.0,0.0,0.0,0.0,0.0,0.0
3_5_6_7_7,3_5_6_7_7,78,39.0,19,7,0,7,0,0,0,14,0,0,0,0,1.0,19,24.358974358974358,100.0,0.0,0,100.0,0.0,100.0,30.0,0.0,0.0,0.0,80.0
0_2_5_5_6,0_2_5_5_6,507,253.5,144,49,0,49,0,0,0,98,0,0,0,0,1.0,144,28.402366863905325,100.0,0.0,0,100.0,0.0,100.0,30.0,0.0,0.0,0.0,80.0
1_6_6_7_7,1_6_6_7_7,12,6.0,1,0,0,0,0,0,0,0,0,0,0,0,1.0,1,8.333333333333332,100.0,0.0,0,0.0,0.0,0.0,0.0,0.0,0.0,0.0,0.0
1_4_6_7_7,1_4_6_7_7,12,6.0,4,2,0,2,0,0,0,4,0,0,0,0,1.0,4,33.33333333333333,100.0,0.0,0,100.0,0.0,100.0,30.0,0.0,0.0,0.0,80.0
0_2_2_6_7,0_2_2_6_7,55,27.5,19,7,0,7,0,0,0,14,0,0,0,0,1.0,19,34.54545454545455,100.0,0.0,0,100.0,0.0,100.0,30.0,0.0,0.0,0.0,80.0
4_5_6_7_7,4_5_6_7_7,112,56.0,32,10,0,10,0,0,0,20,0,0,0,0,1.0,32,28.57142857142857,100.0,0.0,0,100.0,0.0,100.0,30.0,0.0,0.0,0.0,80.0
4_4_6_7_7,4_4_6_7_7,83,41.5,21,8,0,8,0,0,0,16,0,0,0,0,1.0,21,25.301204819277107,100.0,0.0,0,100.0,0.0,100.0,30.0,0.0,0.0,0.0,80.0
4_4_7_7_7,4_4_7_7_7,269,134.5,78,28,0,28,0,0,0,56,0,0,0,0,1.0,78,28.99628252788104,100.0,0.0,0,100.0,0.0,100.0,30.0,0.0,0.0,0.0,80.0
3_4_5_5_6,3_4_5_5_6,57,28.5,17,5,0,5,0,0,0,10,0,0,0,0,1.0,17,29.82456140350877,100.0,0.0,0,100.0,0.0,100.0,30.0,0.0,0.0,0.0,80.0
0_5_5_6_7,0_5_5_6_7,85,42.5,30,11,0,11,0,0,0,22,0,0,0,0,1.0,30,35.294117647058826,100.0,0.0,0,100.0,0.0,100.0,30.0,0.0,0.0,0.0,80.0
1_4_4_6_6,1_4_4_6_6,84,42.0,34,14,0,14,0,0,0,28,0,0,0,0,1.0,34,40.476190476190474,100.0,0.0,0,100.0,0.0,100.0,30.0,0.0,0.0,0.0,80.0
4_4_5_7_7,4_4_5_7_7,130,65.0,25,7,0,7,0,0,0,14,0,0,0,0,1.0,25,19.230769230769234,100.0,0.0,0,100.0,0.0,100.0,30.0,0.0,0.0,0.0,80.0
0_2_6_7_7,0_2_6_7_7,113,56.5,42,17,0,17,0,0,0,34,0,0,0,0,1.0,42,37.16814159292036,100.0,0.0,0,100.0,0.0,100.0,30.0,0.0,0.0,0.0,80.0
2_2_3_3_7,2_2_3_3_7,47,23.5,14,6,0,6,0,0,0,12,0,0,0,0,1.0,14,29.78723404255319,100.0,0.0,0,100.0,0.0,100.0,30.0,0.0,0.0,0.0,80.0
4_6_7_7_7,4_6_7_7_7,14,7.0,5,2,0,2,0,0,0,4,0,0,0,0,1.0,5,35.714285714285715,100.0,0.0,0,100.0,0.0,100.0,30.0,0.0,0.0,0.0,80.0
0_1_6_7_7,0_1_6_7_7,15,7.5,1,0,0,0,0,0,0,0,0,0,0,0,1.0,1,6.666666666666667,100.0,0.0,0,0.0,0.0,0.0,0.0,0.0,0.0,0.0,0.0
0_4_6_6_7,0_4_6_6_7,38,19.0,9,4,0,4,0,0,0,8,0,0,0,0,1.0,9,23.684210526315788,100.0,0.0,0,100.0,0.0,100.0,30.0,0.0,0.0,0.0,80.0
3_6_7_7_7,3_6_7_7_7,48,24.0,10,4,0,4,0,0,0,8,0,0,0,0,1.0,10,20.833333333333336,100.0,0.0,0,100.0,0.0,100.0,30.0,0.0,0.0,0.0,80.0
1_3_3_3_3,1_3_3_3_3,133,66.5,47,21,0,21,0,0,0,42,0,0,0,0,1.0,47,35.338345864661655,100.0,0.0,0,100.0,0.0,100.0,30.0,0.0,0.0,0.0,80.0
2_4_4_7_7,2_4_4_7_7,42,21.0,11,5,0,5,0,0,0,10,0,0,0,0,1.0,11,26.190476190476193,100.0,0.0,0,100.0,0.0,100.0,30.0,0.0,0.0,0.0,80.0
4_6_6_7_7,4_6_6_7_7,61,30.5,24,10,0,10,0,0,0,20,0,0,0,0,1.0,24,39.34426229508197,100.0,0.0,0,100.0,0.0,100.0,30.0,0.0,0.0,0.0,80.0
4_7_7_7_7,4_7_7_7_7,33,16.5,11,5,0,5,0,0,0,10,0,0,0,0,1.0,11,33.33333333333333,100.0,0.0,0,100.0,0.0,100.0,30.0,0.0,0.0,0.0,80.0
4_4_6_6_7,4_4_6_6_7,69,34.5,23,9,0,9,0,0,0,18,0,0,0,0,1.0,23,33.33333333333333,100.0,0.0,0,100.0,0.0,100.0,30.0,0.0,0.0,0.0,80.0
3_3_3_3_3,3_3_3_3_3,43,21.5,12,5,0,5,0,0,0,10,0,0,0,0,1.0,12,27.906976744186046,100.0,0.0,0,100.0,0.0,100.0,30.0,0.0,0.0,0.0,80.0
2_2_3_6_7,2_2_3_6_7,130,65.0,51,21,0,21,0,0,0,42,0,0,0,0,1.0,51,39.23076923076923,100.0,0.0,0,100.0,0.0,100.0,30.0,0.0,0.0,0.0,80.0
1_5_5_5_7,1_5_5_5_7,130,65.0,35,11,0,11,0,0,0,22,0,0,0,0,1.0,35,26.923076923076923,100.0,0.0,0,100.0,0.0,100.0,30.0,0.0,0.0,0.0,80.0
2_2_5_6_7,2_2_5_6_7,26,13.0,12,5,0,5,0,0,0,10,0,0,0,0,1.0,12,46.15384615384615,100.0,0.0,0,100.0,0.0,100.0,30.0,0.0,0.0,0.0,80.0
0_6_7_7_7,0_6_7_7_7,30,15.0,17,6,0,6,0,0,0,12,0,0,0,0,1.0,17,56.666666666666664,100.0,0.0,0,100.0,0.0,100.0,30.0,0.0,0.0,0.0,80.0
0_6_6_7_7,0_6_6_7_7,13,6.5,5,2,0,2,0,0,0,4,0,0,0,0,1.0,5,38.46153846153847,100.0,0.0,0,100.0,0.0,100.0,30.0,0.0,0.0,0.0,80.0
1_2_5_7_7,1_2_5_7_7,161,80.5,53,17,0,17,0,0,0,34,0,0,0,0,1.0,53,32.91925465838509,100.0,0.0,0,100.0,0.0,100.0,30.0,0.0,0.0,0.0,80.0
