player_id,season,THPAr_scaled,FTr_scaled,Zto3r_scaled,HEIGHT_scaled,WINGSPAN_scaled,FRNTCTTCH_scaled,TOP_scaled,AVGDRIBPERTCH_scaled,ELBWTCH_scaled,POSTUPS_scaled,PNTTOUCH_scaled,DRIVES_scaled,DRPASSPCT_scaled,CSFGA_scaled,PASSESMADE_scaled,SECAST_scaled,PUFGA_scaled,PU3PA_scaled,PSTUPPTSPCT_scaled,PSTUPPASSPCT_scaled,PSTUPASTPCT_scaled,PSTUPTOVPCT_scaled,PNTPTSPCT_scaled,PNTPASSPCT_scaled,AVGFGATTEMPTEDAGAINSTPERGAME_scaled
2544,2024-25,-0.5430407330868402,0.2005612688348256,1.7246917702193263,0.8106574176095009,0.781629020623607,2.093304669174034,1.5146906509053866,0.5429212007202834,0.8064822458976003,2.0379934259127737,0.14393642129698986,0.9543678398775062,-0.15002144098325937,-0.04276857864636276,1.873051908084683,2.510810861242189,0.985799315354606,0.5497322386487661,0.4764739631417492,0.371177613765251,0.28880869214463584,0.07370605768226177,1.0116368854291036,-0.31867495419760244,0.49179781181938015
101108,2024-25,1.056509066683601,-0.7367643925988736,-0.25949660054238904,-2.049856201356186,0.5779341447727553,-0.1749842005022283,0.9716595615576348,1.1411549283039253,-0.6297400671873117,-0.3972200149579989,-0.8759952264284971,-0.41046350402403053,1.6908175669631567,-1.0357434046097438,1.242362383361566,0.8306441946966641,0.6477024403389607,0.7783591977129725,0.5241088709033275,1.1238554219432704,-0.4980476425759539,-0.4305736963514062,-0.0556424270790783,2.217770412952424,-0.6086676825947678
201142,2024-25,-0.44866125101783616,0.7524661313778331,0.32657122875687367,1.446327110712987,0.896207388289711,2.105243031646014,0.48293158114465795,-0.0841430679517268,0.19095839743263804,1.5341561622843378,-0.6312116309743803,0.9983946574227169,-0.9034450011976152,1.6121894646259387,0.30031980212956844,0.8306441946966641,1.6958027528874606,-0.19330537830990496,0.16208357191533285,0.4449695557434883,-0.15090514196392904,-0.1616244942001166,0.448113408424784,-1.136883137149224,1.1577246176322997
201143,2024-25,1.2771290781160562,-1.4238596105901007,0.72039930285702,0.8106574176095009,0.7943599503642852,-0.48538162477371694,-0.9832523600942719,-1.2950257936631944,-0.21939083487733682,0.1905901259418427,0.062341889478951015,-1.0708657672021933,1.0772045643143515,1.3473961777023702,-0.5299550152274467,-0.17745580523065077,-1.0427819347392653,-0.8791862555025243,0.41931207382785546,0.024355486467536207,0.06509463619466423,0.03168274484612279,0.15781343542255824,0.023484831400348252,0.1658039123913737
201144,2024-25,1.184794963989867,-0.4222434087836689,0.39400041905111505,-2.049856201356186,0.61612693399479,-0.043662213310444536,0.42862847220988276,1.0907014813992808,-0.7665231446239699,-0.5651657695008108,-0.9167924923375165,-0.14630259875276538,1.255851387870333,-0.6385534742243915,0.6356230937545164,0.4946108613875591,-0.09611068469545864,0.32110527958455964,-1.0637213878159475,-0.9829045215354018,-0.4980476425759539,-0.4305736963514062,-2.5488069010981906,3.363261869084694,-0.7253573875814743
201566,2024-25,-0.35393765854669085,0.38064327654970825,2.336687256376494,-0.7785168151492141,0.6670506529575029,0.14735158624124042,0.6458409079489834,0.9249258701411632,-0.014216218722349419,-0.313247137686593,0.062341889478951015,0.7122203433788462,0.8131179555794225,-0.2413635438390391,0.5877226235223815,0.15857752807845418,-0.2989688097048458,-0.3647755976080598,-0.5333860814037097,0.5777950513043152,0.38909430343255424,-0.1111965187967498,-0.08125713057927468,-0.33355146661490465,-0.31735537432685057
201572,2024-25,0.2952985791964025,-0.5499827402719584,1.3865212212524245,2.081996803816473,0.9153037829007283,0.0995981363533193,-0.8746461422247216,-1.2013265351259974,0.25934993615096724,0.6104545122988723,0.5927063462962042,-0.9607987233391663,-1.2995749143000084,1.214999534240586,-0.6018057205756497,-0.8495224718488609,-0.7384947472251845,-0.7648727759704211,0.4161364133104169,-0.06788444100526039,0.11909458073431259,-0.06076854339338302,0.9518692439286452,-0.8914206822637376,-0.21731061897453113
201587,2024-25,2.1239063000211633,-1.3709357655440062,0.16709389394235583,0.4928225710577579,-1.3635326406806747,-1.7150329593876905,-1.1461616868985975,-1.3238563347515626,-0.5613485284689825,-0.5651657695008108,-0.7128061627924192,-1.2909998549282478,2.568517178346891,-0.43995850903171513,-1.1925781867719876,-1.1855558051579658,-1.0089722472377007,-0.8220295157364726,-1.0637213878159475,-0.9829045215354018,-0.4980476425759539,-0.4305736963514062,-1.797442265092431,1.362370948957547,-1.617859979019928
201935,2024-25,0.4624624897468526,1.8933654105097637,0.673044631890656,-0.4606819685974711,0.7434362314015722,0.7562080723122372,2.60075282960089,1.81867264388058,-0.35617391231399514,-0.313247137686593,-0.7128061627924192,1.9449712346447505,0.0596943953650667,-1.1681400480715278,1.7293504973882767,1.5027108613148743,2.1015190029062354,3.0646287883550376,1.318024000262965,1.0463738828661215,0.6590940261307957,0.4098925603713738,-0.918004111585689,0.7301191712222029,-0.06248499635465805
201939,2024-25,0.9916888142753806,-0.008653673932805153,0.45984010698537553,-1.4141865082527,0.558837750161738,0.6010093601764929,1.1888719972967352,1.5015366919085287,-0.4245654510323243,-0.5651657695008108,-0.4680225673383022,0.6021532995158191,0.5024278276559768,1.3473961777023702,0.7234406225134317,3.182877527860399,1.6619930653858963,2.607374870226624,-1.0637213878159475,0.24573131240224783,2.0708068619530304,-0.4305736963514062,0.3968840014243912,-1.5236724599990816,0.1189602142330969
201942,2024-25,-1.1151992016956511,0.8981494136439362,0.1979448545121889,-0.1428471220457281,0.6988779773091984,0.8755916970320401,0.7001440168837586,0.9897945875899917,-0.15099929615900767,1.8700476713699614,-0.6312116309743803,0.7782605696966626,0.11406516775166976,0.15582638654631328,-0.16271807678107456,0.4946108613875591,2.270567440414058,-0.3647755976080598,0.4891766052115034,0.042803471962095524,-0.15090514196392904,-0.35493173324635596,-0.31178946208104213,-0.12528029277267397,0.13929681046507614
201950,2024-25,0.5521671511191526,-0.9502905127381006,1.1934336867390059,-0.7785168151492141,0.6479542583464856,-0.5570117996055987,-0.06009950820309384,0.44922194218308653,-0.35617391231399514,-0.06132850587237518,-0.1824417059751659,-0.25636964261579254,0.6888419044100444,-0.04276857864636276,0.05283403926353503,-0.5134891385397559,-0.2313494347017167,0.035321580754301585,0.24465074536873505,0.43759036154566455,0.09595174736017759,-0.0019359054227884346,0.5676486914256995,0.6334218405097389,0.47773545081860713
202331,2024-25,0.23745450348925048,-0.6239943081465843,0.5434243370595779,0.4928225710577579,0.7561671611422505,0.7920231597281783,0.7001440168837586,0.5861670123528359,-0.15099929615900767,0.2745630032132486,-0.5904143650653607,0.6241667082884248,1.1626443494932992,0.2882230300080975,0.8431917980937703,0.8306441946966641,1.357705877871816,0.8926726772450758,0.35897452399652297,-0.22653711625847042,-0.29747642000011737,-0.0019359054227884346,-1.1229217395872602,0.24663251765988117,2.3096783908198164
202681,2024-25,-0.20749452360511836,-0.11096668726370824,0.9665136750893376,-1.4141865082527,0.5715686799024162,0.8397766096160995,1.0802657794271848,0.9033029643248869,-0.15099929615900767,0.1905901259418427,-0.22323897188418543,1.262555562693982,-0.6082893796703418,-0.10896690037725489,0.8511752097991263,0.8306441946966641,1.5943736903827674,1.292769855607437,0.33356923985701453,0.24573131240224783,0.18852308085671754,-0.06076854339338302,0.6786457399265505,0.28382379870313673,2.230941805483396
202685,2024-25,-1.7889588016115519,0.22360550685980987,0.6010086532881358,1.446327110712987,-1.3635326406806747,-0.1749842005022283,-0.711736815420396,-1.0932120060446164,1.558789171799221,1.4501832850129317,1.2862598667495353,-1.114892584747404,-2.115136500099054,-1.1019417263406357,-0.4581043098792433,-0.8495224718488609,-0.9413528722345716,-0.8791862555025243,0.873431527821568,0.0944578313468614,0.13452313631706928,0.21658532132513436,-0.20933064808025661,-1.203827443027084,-1.503467553724991
202691,2024-25,1.0278996894256265,-1.4060925518549652,0.11454265320359835,-0.4606819685974711,0.6988779773091984,-0.3540596375819332,-0.7660399243551712,-0.4156942904679618,-0.5613485284689825,-0.3972200149579989,-0.7128061627924192,-0.45449032156924135,0.8441869683717671,1.943181073280399,-1.3362795974683936,-0.8495224718488609,0.3434152528248802,0.20679180005245631,0.3462718819267687,-0.24498510175302965,-0.4980476425759539,0.13253869565285642,-2.378042211096882,-0.7798468391339711,-0.29705643845826435
202695,2024-25,-0.5767273634716922,-0.4047976389458332,0.8744740754290848,0.1749877245060149,0.8516491341973372,0.2786735734330242,0.5372346900794333,1.1555701988481093,0.3961330135876255,0.7784002668416843,-0.01925264233908802,0.9103410223322951,-0.38303903692584346,0.08962806481542117,-0.4581043098792433,0.4946108613875591,1.628183377884332,0.32110527958455964,0.7654590702286572,0.24573131240224783,-0.11233375300703734,-0.15321983163288877,0.6871839744266159,-0.6682729960042044,2.8199787018612934
202696,2024-25,-0.5556697989118827,-0.8667467472573698,1.4291243778258762,1.128492264161244,0.889841923419372,2.714099517717011,-0.5488274886160704,-1.0932120060446164,1.9691384041091957,2.541830689541209,1.939016121293847,-0.49851713911445217,0.044159888968894404,1.6783877863568304,1.0747107375490916,-0.17745580523065077,-0.6708753722220555,-0.8791862555025243,0.6670135941880624,0.6331390077879931,0.04195180282052932,0.15775268335453982,0.0553546214217727,-0.4525635659533224,0.16351214633666342
202699,2024-25,-0.4634986429142219,-0.2955034387892486,1.1176794598168658,0.4928225710577579,0.7498016962719114,0.07572141140935872,-0.33161505287696974,-0.32920266720285707,-0.21939083487733682,1.7021019168271498,-0.22323897188418543,-0.45449032156924135,-0.942281267188046,0.023429743084529053,-0.20263513530785413,-0.17745580523065077,0.005318377809235017,-0.6505592964383179,0.5526898155602745,0.10183702554468514,-0.1431908641725507,0.006468757144439372,0.5761869259257649,-0.83935288880318,-0.09499906463464743
202710,2024-25,-1.2212319120392952,3.8102538185821366,1.187037584072434,0.1749877245060149,0.6606851880871638,1.6396468952387817,0.7001440168837586,0.2690310603807848,0.4645245523059546,0.7784002668416843,1.5310434622036524,1.41664942410222,1.3723601858416254,-1.1019417263406357,0.9709263853794651,0.8306441946966641,-0.3665881847079748,-0.6505592964383179,0.46377132107199504,1.005788314778091,0.3659514700584192,-0.052363880826155215,-0.11541006857953653,0.38795938562425225,0.8672426653328402
203076,2024-25,-1.408221345783995,1.5211027977974443,-0.10503834314236644,1.128492264161244,0.9153037829007283,2.1291197565899744,0.32002225434033255,-0.6751691602632764,2.5846622525741583,2.541830689541209,1.8982188553848274,-0.2123428250705816,-2.076300234108623,0.22202470827720538,1.178495089718719,0.15857752807845418,0.20817650281862204,-0.6505592964383179,0.2891099926128748,0.05756186035774277,0.07280891398604257,0.06530139511503397,0.4395751739247185,-1.724505377632661,1.722667998239978
203078,2024-25,-0.20498455757395595,-0.3757656852536237,0.9138059952455097,-0.7785168151492141,0.673416117827842,0.672639535008375,0.5915377990142084,0.6870739061621249,-0.21939083487733682,-0.5651657695008108,-0.5088198332473217,0.844300796014479,0.4325225488732015,0.3544213517389893,0.7074737991027201,1.1666775280057693,0.5462733778342672,-0.07899189877780174,2.1119391296226024,-0.9829045215354018,-0.4980476425759539,-0.4305736963514062,0.21758107692301648,0.04579960002630158,1.1803298280295207
203081,2024-25,0.5235543548966757,1.4360975581119197,0.9930812225128589,-1.4141865082527,0.6670506529575029,0.5651942727605518,2.60075282960089,1.912371902417777,-0.6297400671873117,-0.5651657695008108,-0.8351979605194776,1.2405421539213766,0.03639263577080825,0.22202470827720538,2.088604024129293,2.1747775279330845,1.8648511903952834,2.207277691864263,-1.0637213878159475,-0.9829045215354018,-0.4980476425759539,-0.4305736963514062,-0.6447806075835942,0.1201821621128127,1.500733931335364
203084,2024-25,0.5179387365969333,0.48070227662610754,1.729037351016345,0.4928225710577579,0.7561671611422505,-0.6047652494935202,-0.711736815420396,-0.7688684188004733,-0.15099929615900767,0.1905901259418427,-0.3864280355202633,-0.4324769127966359,-0.3985735433220158,0.3544213517389893,-0.6576896025131411,-0.5134891385397559,-0.772304434726749,-0.5362458169062146,0.5939734022869757,1.24192252910845,0.5588084148428776,-0.2036478070362556,0.7725663194272706,0.023484831400348252,-0.6625297745537614
203110,2024-25,0.3021414956780005,0.4573654736332682,1.3316619891044779,-0.1428471220457281,0.8070908801049634,1.329249470967293,-0.22300883500741928,-0.8265295009772099,0.5329160910242837,0.1905901259418427,-0.01925264233908802,-0.696637818067901,0.48689332125980456,0.2882230300080975,1.6415329686293616,0.4946108613875591,-0.9075431847330071,-0.8220295157364726,0.2065428191594726,1.688363778076785,1.499950305391034,0.29222728443018453,-0.15810124107986384,0.997896394733643,-0.11368369846893202
203468,2024-25,0.18237662129824458,-0.5982464647095977,0.8802810701333957,-1.0963516617009572,0.6288578637354683,0.4338722855687685,0.6458409079489834,0.9105105995969791,-0.4245654510323243,-0.5651657695008108,-0.7536034287014386,1.108461701285744,-0.3985735433220158,0.6854129603934496,0.34822027236170405,0.15857752807845418,1.5943736903827674,1.4070833351395402,2.1119391296226024,-0.9829045215354018,-0.4980476425759539,-0.4305736963514062,-0.8753129390853617,0.4846567163367167,1.1600375059547952
203471,2024-25,0.13116695352166013,0.20562125306783777,0.0014493868823073032,-1.7320213548044432,0.6670506529575029,0.4338722855687685,1.731903086644487,1.6456893973503703,-0.6981316059056408,-0.5651657695008108,-0.8759952264284971,0.9103410223322951,0.44805705526937384,0.023429743084529053,1.5856490866918707,0.8306441946966641,0.3434152528248802,0.09247832052035312,-1.0637213878159475,-0.9829045215354018,-0.4980476425759539,-0.4305736963514062,-1.1229217395872602,2.8500221906877674,-0.5314979944789723
203484,2024-25,0.9099066688949541,-0.5833664313312807,0.5387667820705034,-0.4606819685974711,0.673416117827842,-0.6286419744374808,-0.711736815420396,-0.6247157133586319,-0.6297400671873117,-0.5651657695008108,-0.7944006946104581,-0.9387853145665607,0.5723331064387522,0.22202470827720538,-0.6576896025131411,-0.5134891385397559,-0.33277849720641023,-0.42193233737411134,-1.0637213878159475,-0.9829045215354018,-0.4980476425759539,-0.4305736963514062,1.5495456589332266,1.0425259319855495,-0.6480944795423192
203486,2024-25,-1.9822003287976155,3.6010207981145066,4.641888269821836,1.128492264161244,0.7498016962719114,-1.4046355351162019,-0.9832523600942719,-1.0860043707725242,0.3277414748692963,-0.48119289222940487,0.7150981440232628,-1.158919402292615,1.551007009397606,-2.0949165523040167,-0.8333246600309714,-0.17745580523065077,-1.0427819347392653,-0.8791862555025243,-1.0637213878159475,-0.3113978495334432,-0.4980476425759539,1.0990748908840533,0.17488990442268917,0.7673104522654586,-1.43393550926869
203497,2024-25,-2.07979391522183,2.7043166191482246,5.575819351654829,2.081996803816473,0.9916893613447978,-0.23467601286212994,-0.8746461422247216,-1.3382716052957468,0.9432653233342587,-0.22927426041518703,2.8365559712922757,-1.1809328110652204,-0.794703456424409,-2.0287182305731246,-0.0988507831382272,-0.8495224718488609,-1.0765916222408298,-0.8791862555025243,0.09221904053168467,0.20883534141312918,0.0033804138636376276,0.11572937051840079,0.6530310364263541,-1.0699388312713642,0.11003760506009222
203501,2024-25,1.2324319440299774,-0.2314737500872969,0.30514382381852484,-0.4606819685974711,0.6479542583464856,-0.7480255991572841,-0.8746461422247216,-0.8193218657051178,-0.7665231446239699,-0.5651657695008108,-0.8351979605194776,-0.8947584970213498,-1.1986006227248887,1.148801212509694,-1.1606445399505636,-0.8495224718488609,-0.26515912220328125,-0.30761885784200815,2.1119391296226024,-0.9829045215354018,-0.4980476425759539,-0.4305736963514062,-0.6447806075835942,-1.5311107162077326,-0.5646622898726614
203507,2024-25,-1.8443928574442425,2.7108618052335314,3.630458846069867,1.446327110712987,-1.3635326406806747,1.57995508287888,1.6775999777097121,0.5645441065365597,2.5162707138558296,3.2136137077124567,1.4902461962946327,1.372622606557009,-0.6781946584531172,-1.8963215871113406,1.5616988515758026,0.8306441946966641,0.7829411903452189,-0.5362458169062146,0.7781617122984114,0.5962430367988745,0.5202370258859859,0.17456200848899533,0.9945604164289725,-1.2930865175308974,0.5738135221494975
203552,2024-25,0.535315859778034,-1.138783326106076,0.20362650601992463,-1.7320213548044432,0.5715686799024162,-1.3807588101722412,-0.8746461422247216,-0.17063469121683156,-0.6981316059056408,-0.5651657695008108,-0.8759952264284971,-0.8067048619309282,0.3082464977038231,-0.7709501176861754,-1.4480473613433766,-0.5134891385397559,-0.4003978722095393,-0.5362458169062146,-1.0637213878159475,-0.9829045215354018,-0.4980476425759539,-0.4305736963514062,0.8152574919275979,0.5516010222145767,-1.5248993110523075
203897,2024-25,0.08019234588252938,-0.05099910159040171,0.2148500178695795,-0.4606819685974711,0.6797815826981811,0.5293791853446108,0.9173564526228594,1.0690785755830043,-0.5613485284689825,-0.06132850587237518,-0.6312116309743803,0.6902069346062408,0.22280671252487588,-0.2413635438390391,0.340236860656348,0.8306441946966641,1.425325252874945,1.578553554437695,-0.04751002223561148,0.08338904005012582,0.18852308085671754,0.13253869565285642,1.925227976936107,-1.0848153436886663,0.4054483141663409
203915,2024-25,0.27604657349054457,1.072706079575506,0.8216866135446738,-0.4606819685974711,0.6797815826981811,-0.8674092238770873,0.7544471258185339,1.5231595977248051,-0.7665231446239699,-0.3972200149579989,-0.8759952264284971,0.4260460293349759,0.2616429785153066,-0.9695450828788517,0.08476768608495858,-0.5134891385397559,0.17436681531705764,0.4354187591166627,0.2986369741651904,0.24573131240224783,-0.06604808625876736,0.040087407413350595,1.2507074514309364,1.0276494195682475,-0.59614738043629
203924,2024-25,0.461719899881227,0.4609847200559997,1.3792396196843286,0.1749877245060149,0.845283669326998,0.0995981363533193,-0.4945243796812953,-0.30757976138658083,-0.5613485284689825,0.5264816350274665,-0.5904143650653607,0.2939655766993432,-0.21215946656794815,1.8769827515495066,-0.7375237195667003,-1.1855558051579658,-0.46801724721266835,-0.7077160362043694,0.4320147158976095,0.8323772511292336,0.6822368595049307,-0.14481516906566097,-2.4036569145970783,-0.37074274765816023,1.7839760387403516
203932,2024-25,-0.37416435449602503,1.107856025685053,2.6537446970670366,0.4928225710577579,0.7688980908829287,-0.38987472499787423,-0.22300883500741928,0.031179096401746424,0.8748737846159295,1.114291775927308,1.1230708031134575,-0.696637818067901,-0.6781946584531172,-0.43995850903171513,-0.4581043098792433,-0.8495224718488609,-0.4003978722095393,-0.30761885784200815,0.6162030259090455,-0.12322839748893824,-0.19719080871219902,0.6284137871192965,0.5420339879255031,-0.6310817149609489,1.0219807484775218
203937,2024-25,-0.941202073605997,-0.21974952434099418,0.7453685430809166,0.8106574176095009,0.845283669326998,-0.8435324989331268,-0.6031305975508456,-0.30757976138658083,0.12256685871430884,-0.3972200149579989,-0.3456307696112438,-0.5645573654322685,-0.41410804971818804,-1.432933334995096,-0.6177725439863615,-0.5134891385397559,-0.772304434726749,-0.7077160362043694,2.1119391296226024,1.5702966709116055,1.2839505272324407,0.21658532132513436,-0.32886593108117307,-0.13271854898132507,-1.2850342799814793
203944,2024-25,-0.43171990038821395,1.0768767655617681,1.7908514864401328,0.8106574176095009,0.7752635557532679,1.4725098206310563,0.2657191454055573,0.045594366945930574,0.8064822458976003,1.8700476713699614,0.3887200167511068,1.0204080661953223,0.3082464977038231,0.023429743084529053,0.30031980212956844,0.4946108613875591,0.03912806531079942,-0.19330537830990496,0.6670135941880624,0.8360668482281454,0.7593796374187142,0.19137133362345093,0.1236604974222964,-0.16990983002458063,0.20799233619851706
203952,2024-25,-0.03556305965670306,0.6170311974108248,0.1065934204108541,0.1749877245060149,-1.3635326406806747,0.7562080723122372,-0.1687057260726443,0.031179096401746424,-0.35617391231399514,0.6944273895702783,0.021544623569931497,0.31597898547194875,-0.30536650494498196,0.5530163169316654,-0.40222042794175195,0.4946108613875591,0.14055712781549307,0.09247832052035312,0.8257966200599897,0.16087057912727495,0.11909458073431259,0.0484920699805784,-0.550860028082875,-0.4971931032052291,0.5271695838980789
203991,2024-25,-2.06715679697972,0.09197534690961529,4.6402383673263925,1.128492264161244,-1.3635326406806747,-0.939039398708969,-1.0918585779638221,-1.3166486994794706,0.738090707179271,-0.22927426041518703,2.591772375838159,-1.2469730373830368,-0.4374098093124465,-2.0949165523040167,-1.2005615984773432,-1.1855558051579658,-1.0765916222408298,-0.8791862555025243,0.5241088709033275,-0.4294649566986227,-0.4980476425759539,-0.010340567990016182,-0.456939448582155,-1.0848153436886663,-0.22780482408141803
203992,2024-25,0.8151849406078348,-0.9524246092213123,-0.029750283742238107,-0.4606819685974711,-1.3635326406806747,-0.4137514499418348,-0.385918161811745,-0.012066715230806034,-0.5613485284689825,-0.5651657695008108,-0.6720088968833996,-0.08026237243494913,0.836419715173681,0.48681799520077357,-0.5299550152274467,-0.17745580523065077,-0.028491309692329537,-0.021835159011750083,-1.0637213878159475,-0.9829045215354018,-0.4980476425759539,-0.4305736963514062,-1.3278393675888311,-0.3633044914495091,0.08773108212757919
203994,2024-25,-0.6096518924536592,1.1395366963178348,0.9659492573866211,1.76416195726473,-1.3635326406806747,-0.0794773007263856,-0.711736815420396,-0.9346440300585909,0.6696991684609421,1.3662104077415258,0.9190844735683601,-1.1369059935200097,-1.8976534105526417,-0.8371484394170675,-0.3144028991828371,-0.8495224718488609,-0.9751625597361363,-0.7648727759704211,0.4447173579673637,-0.18226195107152807,-0.027476697301875724,0.22498998389236216,-0.1666394755799293,-0.31867495419760244,-0.18257148987816252
203999,2024-25,-0.8838074094491367,0.8387989209773542,1.811672463028864,1.446327110712987,-1.3635326406806747,3.669168515475437,1.0802657794271848,-0.5814699017260794,6.072630727208945,6.824447430382912,3.2445286303824705,-0.23435623384318696,-0.2820647453507235,0.5530163169316654,3.413850367218374,2.1747775279330845,-0.4003978722095393,-0.3647755976080598,0.8829585093738836,0.8286876540303216,0.5356655814687425,-0.06076854339338302,0.559110456925634,-0.70546427704746,0.8187477050873515
204001,2024-25,0.06675491510169787,0.9850578421475871,1.1150540127918473,2.399831650368216,-1.3635326406806747,0.4099955606248075,-0.8746461422247216,-1.1869112645818134,1.4220060943625628,2.709776444084021,1.327057132658555,-0.9828121321117715,-0.9267467607918736,1.8107844298186146,-0.9450924239059542,-0.17745580523065077,-0.5356366222157973,-0.7077160362043694,0.787688693850727,-0.11584920329111462,-0.06604808625876736,-0.1700291567673444,-0.13248653757966747,-0.9360502195156443,2.0060920543236693
204456,2024-25,-1.6927821690572173,-1.0504083660226242,1.7865257636435705,-1.7320213548044432,0.5206449609397032,-0.7480255991572841,0.5915377990142084,1.4294603391876082,-0.4245654510323243,-0.5651657695008108,-0.6312116309743803,1.2405421539213766,0.7276781704004752,-1.7639249436495563,0.48393827135275425,0.8306441946966641,-0.12992037219702318,-0.7648727759704211,-1.0637213878159475,-0.9829045215354018,-0.4980476425759539,-0.4305736963514062,0.46518987742491485,0.8937608078125274,-1.5262446784071348
1626145,2024-25,0.8137916219429593,-1.4145083376620649,0.13257752449477211,-1.7320213548044432,0.5970305393837726,-0.21079928791816935,0.9716595615576348,1.2853076337457667,-0.6297400671873117,-0.5651657695008108,-0.8351979605194776,-0.27838305138839786,0.12959967414784207,0.6192146386625578,1.2742960301829895,1.1666775280057693,-0.26515912220328125,-0.42193233737411134,-1.0637213878159475,-0.9829045215354018,-0.4980476425759539,-0.4305736963514062,1.592236831433554,2.0020609829015417,-0.7500027791156743
1626156,2024-25,0.7011643938568771,-0.10351277508948462,-0.15314732269828735,-1.0963516617009572,0.7179743719202158,0.23092012354510263,0.9716595615576348,1.0330403992225443,-0.5613485284689825,-0.5651657695008108,-0.7536034287014386,0.029804671428078005,-0.359737277331585,0.023429743084529053,1.0986609726651597,0.4946108613875591,0.5462733778342672,0.8355159374790241,-1.0637213878159475,0.8618940279205285,-0.4980476425759539,-0.4305736963514062,-1.1229217395872602,-0.028582962060209525,0.02619584645168209
1626157,2024-25,-0.7087445928556463,0.8933140026673316,2.584781238187111,1.76416195726473,-1.3635326406806747,1.3411878334392735,-0.2773119439421945,-0.949059300602775,0.4645245523059546,2.205939180455585,1.0822735372044379,0.4480594381075812,-1.9520241829392446,0.6854129603934496,0.19653544995994124,-0.8495224718488609,-0.5356366222157973,-0.5362458169062146,0.7019458598798864,-0.09002202359873157,0.018808969446394305,0.34265525983355133,0.4737281119249803,-1.486481178955826,0.29406641925332155
1626162,2024-25,-0.47022411806889824,0.10058666578486161,2.3560014294231064,0.4928225710577579,0.8325527395863199,0.13541322376926035,-0.22300883500741928,-0.228295773393568,-0.35617391231399514,-0.5651657695008108,0.14393642129698986,0.09584489774589444,-1.260738648309578,0.023429743084529053,0.06081745096889106,-0.17745580523065077,-0.5018269347142329,-0.479089077140163,2.1119391296226024,0.8618940279205285,-0.4980476425759539,-0.4305736963514062,0.03827815242164178,-1.3749073358260593,0.8349996003667537
1626164,2024-25,-0.16740635251269348,0.9253586888030525,-0.4700596285630402,-0.1428471220457281,0.6797815826981811,2.7260378801889904,1.2431751062315106,0.7519426236109534,-0.21939083487733682,-0.06132850587237518,-0.3864280355202633,1.7688639644639068,0.665540144815786,0.42061967346988144,0.8751254449151938,3.182877527860399,2.3381868154171865,1.4070833351395402,0.5241088709033275,0.9430651640965895,0.3428086366842842,-0.2456711198723946,-0.36301886908143494,-0.05089773068616286,0.437497361709378
1626166,2024-25,0.7491071728773672,-1.0715677446010143,-0.4700596285630402,-1.0963516617009572,0.6543197232168246,-1.4165738975881823,-0.11440261713786908,1.0762862108550968,-0.7665231446239699,-0.5651657695008108,-0.8759952264284971,-0.5645573654322685,-0.5228495944913942,-0.9695450828788517,-0.7694573663881241,-0.5134891385397559,-0.19753974720015216,0.09247832052035312,-1.0637213878159475,-0.9829045215354018,-0.4980476425759539,-0.4305736963514062,-5.392038989619987,1.362370948957547,-1.6967907524734345
1626167,2024-25,0.31455822914634657,0.4998745762183838,-0.4700596285630402,1.446327110712987,0.8771109936786937,0.6010093601764929,-0.9289492511594968,-1.2157418056701816,1.0800484007709168,0.6104545122988723,1.2454626008405159,-0.9828121321117715,-1.6568685614119711,1.8769827515495066,-0.6018057205756497,-0.8495224718488609,-0.7046850597236199,-0.5934025566722663,0.6670135941880624,-0.4331545537975346,0.03423752502915098,0.14934802078731202,0.012663448921445393,-1.0178710378108065,-0.11860425499816273
1626168,2024-25,1.056509066683601,-0.2253803703254963,-0.4700596285630402,0.8106574176095009,0.8134563449753025,-1.0464846609567922,-0.9832523600942719,-1.1652883587655372,-0.15099929615900767,-0.3972200149579989,-0.14164444006614638,-1.0268389496569825,0.20727220612870356,0.08962806481542117,-0.9371090122005981,-1.1855558051579658,-0.9751625597361363,-0.7648727759704211,1.4768070261348927,-0.4552921363910058,-0.4980476425759539,0.771293050762169,-0.6789335455838561,0.5664775346318789,-1.1944090620803227
1626171,2024-25,-0.6053926574617258,-1.0568655629643418,-0.4700596285630402,1.128492264161244,0.8261872747159807,0.2667352109610437,-0.5488274886160704,-0.9202287595144066,0.19095839743263804,2.1219663031841796,0.4703145485691458,-0.9828121321117715,-1.214135129121061,0.8840079255861256,0.06880086267424709,-0.5134891385397559,-0.12992037219702318,-0.7648727759704211,0.3970824502057856,0.18300816172074613,0.04195180282052932,0.0484920699805784,-0.10687183407947107,-0.9806797567675509,0.7032090210001736
1626172,2024-25,-1.9911522584876065,1.07097521468146,-0.4700596285630402,0.8106574176095009,0.8643800639380155,-0.9271010362369889,-1.0918585779638221,-1.2373647114864579,0.19095839743263804,-0.313247137686593,0.5519090803871847,-1.2029462198378258,-0.3442027709354127,-1.8963215871113406,-0.9291256004952423,-1.1855558051579658,-1.0427819347392653,-0.8791862555025243,0.5241088709033275,1.5334006999224872,-0.15090514196392904,-0.4305736963514062,-0.44840121408208955,-0.3484279790322069,-1.7871908717262488
1626179,2024-25,0.3107110347659316,-0.6248757817322395,-0.4700596285630402,-1.7320213548044432,0.6797815826981811,-0.5928268870215397,0.3743253632751075,1.040248034494636,-0.7665231446239699,-0.5651657695008108,-0.7536034287014386,0.0077912626554726555,0.16843594013827282,-0.43995850903171513,0.08476768608495858,0.15857752807845418,0.10674744031392852,0.3782620193506113,-1.0637213878159475,-0.9829045215354018,-0.4980476425759539,-0.4305736963514062,-0.5167070900826133,-0.5938904339176936,-0.25871710216800803
1626181,2024-25,0.1523624625273416,0.3809915162350613,-0.4700596285630402,-0.7785168151492141,0.7434362314015722,0.21898176107312256,-0.2773119439421945,0.3266921425575214,-0.4245654510323243,-0.5651657695008108,-0.6720088968833996,0.800273978469268,-0.8024707096224952,0.6192146386625578,-0.9530758356113102,0.15857752807845418,0.7153218153420898,0.8926726772450758,-1.0637213878159475,-0.9829045215354018,-0.4980476425759539,-0.4305736963514062,-0.4313247450819586,-0.8095998639685755,0.6543167646134013
1626220,2024-25,1.733290236463194,-1.7594582112683579,-0.4700596285630402,-0.1428471220457281,-1.3635326406806747,-0.3182445501659921,-0.711736815420396,-0.9634745711469591,-0.6297400671873117,-0.5651657695008108,-0.7128061627924192,-0.9387853145665607,0.9529285131449732,1.2811978559714783,0.06880086267424709,-0.5134891385397559,-0.7384947472251845,-0.479089077140163,-1.0637213878159475,-0.9829045215354018,-0.4980476425759539,-0.4305736963514062,-0.8155452975849035,0.8863225516038763,-0.8205905316843363
1627732,2024-25,-2.07979391522183,-0.8263023780453099,-0.4700596285630402,1.128492264161244,-1.3635326406806747,-0.7241488742133234,0.5372346900794333,0.6726586356179407,0.25934993615096724,0.10661724867043676,-0.01925264233908802,-0.3444232777062141,0.9140922471545424,-2.0949165523040167,0.8990756800312619,-0.17745580523065077,-0.9413528722345716,-0.8791862555025243,0.2065428191594726,1.3563000391747178,0.4430942479722025,0.18296667105622313,-0.456939448582155,0.5813540470491811,-0.24555461345231572
1627734,2024-25,-1.2188283230046295,0.7748346117615998,-0.4700596285630402,1.128492264161244,-1.3635326406806747,2.5230857181653255,0.15711292753600684,-0.5670546311818955,3.678926872067424,1.5341561622843378,3.407717694018549,-0.5205305478870575,0.5645658532406661,-0.2413635438390391,1.8411182612632595,-0.5134891385397559,-0.9413528722345716,-0.8791862555025243,0.724175483501956,0.5482782745130202,-0.058333808467389024,0.5695811491487018,0.2944251874236056,-0.6310817149609489,0.39428644014296776
1627736,2024-25,1.44514791824958,-0.9836676295717912,-0.4700596285630402,-0.7785168151492141,0.6479542583464856,0.07572141140935872,-0.711736815420396,-0.5166011842772509,-0.6981316059056408,-0.5651657695008108,-0.7944006946104581,-0.6746244092952957,-0.942281267188046,2.4065693253966436,-1.040893364370225,-0.8495224718488609,0.2419861903201866,0.4354187591166627,-1.0637213878159475,-0.9829045215354018,-0.4980476425759539,-0.4305736963514062,-0.567936497083006,-0.1475950613986273,-0.7555642970283876
1627739,2024-25,0.44647301757156077,-1.7163481304394848,-0.4700596285630402,-1.0963516617009572,0.7116089070498767,-1.1778066481485758,-0.1687057260726443,0.1897470723877721,-0.35617391231399514,-0.5651657695008108,-0.42722530142928283,-0.7186512268405064,0.7043764108062168,-0.3075618655699312,0.18855203825458577,-0.17745580523065077,-0.8399238097298782,-0.7648727759704211,2.1119391296226024,-0.9829045215354018,-0.4980476425759539,2.368178938535451,0.9518692439286452,2.016937495318844,-0.9238998768117789
1627741,2024-25,1.3626149738597582,-1.4330169171120712,-0.4700596285630402,-0.7785168151492141,0.7052434421795376,-0.10335402567034617,-0.711736815420396,-0.6175080780865398,-0.6297400671873117,-0.5651657695008108,-0.7128061627924192,-0.7406646356131119,0.9995320323334901,1.0164045690479098,-0.39423701623639623,-0.17745580523065077,-0.1637300596985876,0.26394853981850797,-1.0637213878159475,2.7066925773764585,-0.4980476425759539,-0.4305736963514062,0.3029634219236711,0.24663251765988117,-1.2354265708448795
1627747,2024-25,0.2569126231689562,0.18355763706078695,-0.4700596285630402,-0.1428471220457281,0.7243398367905549,-0.49731998724569704,-0.385918161811745,0.4275990363668101,-0.4245654510323243,-0.5651657695008108,-0.4680225673383022,0.3600058030171594,0.8519542215698532,-0.175165222108147,-0.7534905429774124,0.15857752807845418,-0.2313494347017167,-0.021835159011750083,-1.0637213878159475,-0.9829045215354018,-0.4980476425759539,-0.4305736963514062,0.5847251604258303,0.5292862535886234,-0.32772790749046915
1627749,2024-25,-0.34385293564780023,0.1128885498923563,-0.4700596285630402,-0.7785168151492141,-1.3635326406806747,0.4338722855687685,2.220631067057464,1.6312741268061857,-0.6297400671873117,-0.5651657695008108,-0.6720088968833996,1.680810329373485,-0.13448693458708708,-0.175165222108147,1.8650684963793276,0.8306441946966641,1.5605640028812031,0.6640457181808694,-1.0637213878159475,2.7066925773764585,7.216230148802377,-0.4305736963514062,-3.257480364603624,0.1201821621128127,4.635383499336614
1627750,2024-25,-0.3343835517732488,-0.17485043431684472,-0.4700596285630402,-0.7785168151492141,-1.3635326406806747,0.8517149720880799,1.4603875419706112,1.3429687159225034,-0.21939083487733682,-0.06132850587237518,-0.4680225673383022,1.1304751100583494,0.22280671252487588,-0.3075618655699312,0.9789097970848211,0.8306441946966641,1.7296124403890256,0.8926726772450758,0.10492168260143889,0.24573131240224783,-0.127762308589794,-0.4305736963514062,0.08950755942203455,-0.8691059136377842,0.9273885572887276
1627751,2024-25,-2.054257769551245,0.09185424027850515,-0.4700596285630402,1.76416195726473,0.845283669326998,1.054667134111745,-0.5488274886160704,-1.2445723467585499,4.362842259250716,0.2745630032132486,3.162934098564431,-1.0268389496569825,-1.1053935843478548,-0.9033467611479596,0.7793245044509233,-0.8495224718488609,-0.9751625597361363,-0.8791862555025243,0.38120414761859284,-0.33722502922582626,-0.2280479198777123,0.15775268335453982,0.3029634219236711,-0.40049577249276463,0.5549940361875817
1627752,2024-25,1.1323451865907086,-1.3239906607643752,-0.4700596285630402,-0.1428471220457281,0.7625326260125896,-0.7599639616292642,-0.8746461422247216,-0.840944771521394,-0.6981316059056408,-0.5651657695008108,-0.7944006946104581,-0.6085841829774793,0.5878676128349245,0.08962806481542117,-0.9051753653791745,-0.8495224718488609,-0.7046850597236199,-0.42193233737411134,-1.0637213878159475,0.8618940279205285,-0.4980476425759539,-0.4305736963514062,-1.1229217395872602,-0.06577424310346508,-0.6188280317597595
1627759,2024-25,-0.5016235673118393,0.45018904670018006,-0.4700596285630402,-0.1428471220457281,0.7688980908829287,0.5890709977045124,0.7544471258185339,0.9825869523178995,-0.08260775744067847,1.4501832850129317,0.062341889478951015,1.4826896504200362,-0.1422541877851732,-0.10896690037725489,-0.10683419484358322,1.5027108613148743,1.1210380653608643,0.6640457181808694,0.5939734022869757,0.2789376862924546,0.3813800256411759,0.023278082278894986,0.10658402842216548,-0.5120696156225313,0.8334062773001456
1627777,2024-25,1.1714104892925787,-1.3225032244695656,-0.4700596285630402,0.1749877245060149,0.7243398367905549,-1.0942381108447132,-0.9832523600942719,-1.0643814649562482,-0.35617391231399514,-0.48119289222940487,-0.4680225673383022,-0.6746244092952957,0.11406516775166976,1.0826028907788023,-0.873241718557751,-0.8495224718488609,-0.8737334972314426,-0.7077160362043694,2.1119391296226024,0.24573131240224783,-0.4980476425759539,-0.4305736963514062,-0.08979536507934015,-0.04345947447751175,-1.211129746854171
1627783,2024-25,-0.728841071674458,0.20006332255257392,-0.4700596285630402,0.4928225710577579,0.8580145990676763,1.1382356714156077,-0.2773119439421945,-0.4517324668284222,0.738090707179271,2.625803566812615,0.8782872076593404,0.05181808020068355,0.0596943953650667,0.6854129603934496,0.19653544995994124,0.15857752807845418,0.20817650281862204,-0.6505592964383179,0.6543109521183081,0.2752480891935427,0.37366574784979756,-0.14481516906566097,0.4566516429248494,-0.6459582273782511,-0.1610724428889083
1627824,2024-25,0.3187894868240896,0.059136090026570734,-0.4700596285630402,0.4928225710577579,-1.3635326406806747,0.23092012354510263,-0.7660399243551712,-1.0715891002283402,0.5329160910242837,0.6104545122988723,0.3887200167511068,-0.9167719057939554,-0.7014964180473752,0.3544213517389893,-0.17868490019178634,-0.5134891385397559,-0.9751625597361363,-0.7648727759704211,0.873431527821568,0.21990413270986478,-0.012048141719119049,0.5443671614470186,-0.234945351580453,0.4549036915021123,-0.5292036092630568
1627826,2024-25,-2.07979391522183,0.10850061670751755,-0.4700596285630402,1.76416195726473,-1.3635326406806747,0.7920231597281783,-0.5488274886160704,-1.0787967355004324,3.1317945623207915,3.885396725883704,3.4485149599275675,-1.158919402292615,-1.7966791189775215,-1.5653299784568802,0.340236860656348,0.15857752807845418,-1.0427819347392653,-0.8791862555025243,0.8416749226471825,0.2789376862924546,0.11909458073431259,0.19977599619067876,0.13219873192236187,-0.9509267319329464,-0.3227089398306539
1627827,2024-25,1.477772751281079,-1.2322588468271651,-0.4700596285630402,0.1749877245060149,0.7688980908829287,-0.6405803369094608,-0.8746461422247216,-1.1004196413167084,-0.4929569897506534,-0.5651657695008108,-0.26403623779320484,-0.850731679476139,1.0772045643143515,1.0164045690479098,-0.4820545449953111,-0.17745580523065077,-0.9751625597361363,-0.8220295157364726,-1.0637213878159475,-0.9829045215354018,-0.4980476425759539,-0.4305736963514062,-0.5764747315830715,0.6557366091356923,0.08773108212757963
1627832,2024-25,0.9136546865554033,-0.5298727387122849,-0.4700596285630402,-2.049856201356186,-1.3635326406806747,0.5413175478165912,1.731903086644487,1.4727061508201604,-0.6981316059056408,-0.5651657695008108,-0.8759952264284971,0.536113073198003,1.8539298841229659,0.2882230300080975,2.0087699070757337,0.8306441946966641,1.1210380653608643,1.4070833351395402,-1.0637213878159475,-0.9829045215354018,-0.4980476425759539,-0.4305736963514062,-5.392038989619987,3.839310266438364,0.9353789535630612
1627884,2024-25,-0.2473044940697117,-0.3490273565955142,-0.4700596285630402,-0.1428471220457281,-1.3635326406806747,-1.2733135479244182,-0.8746461422247216,-0.740037877712105,-0.28778237359566594,-0.5651657695008108,0.14393642129698986,-0.8947584970213498,-1.3073421674980945,-0.37376018730082305,-1.0568601877809367,-1.1855558051579658,-0.9413528722345716,-0.7648727759704211,-1.0637213878159475,-0.9829045215354018,-0.4980476425759539,-0.4305736963514062,0.9945604164289725,-0.8170381201772267,-0.997466773784011
1627936,2024-25,0.5884893314402064,-0.6946870459923287,-0.4700596285630402,-0.4606819685974711,-1.3635326406806747,-1.0584230234287724,-0.6574337064856208,-0.30757976138658083,-0.28778237359566594,-0.5651657695008108,-0.3864280355202633,-0.8287182707035335,1.3412911730492807,-0.3075618655699312,-0.6177725439863615,-0.17745580523065077,-0.8399238097298782,-0.6505592964383179,-1.0637213878159475,-0.9829045215354018,-0.4980476425759539,-0.4305736963514062,-0.22640711708038755,0.30613856732909006,-0.6781262052220222
1628368,2024-25,-0.465220054864913,0.31725002964884863,-0.4700596285630402,-1.0963516617009572,0.6352233286058073,0.7084546224243157,1.6232968687749365,1.126739657759741,-0.4929569897506534,-0.3972200149579989,-0.3864280355202633,2.033024869735172,-0.24322847936029274,-0.04276857864636276,1.601615910102582,1.1666775280057693,1.6619930653858963,0.8355159374790241,-1.0637213878159475,0.8618940279205285,0.27338013656187926,-0.4305736963514062,0.20904284242295101,-0.355866235240858,1.1059159192084
1628369,2024-25,0.36930547815688197,0.5625581020809906,-0.4700596285630402,0.4928225710577579,-1.3635326406806747,2.3320719186136403,1.4060844330358362,0.20416234293195626,0.19095839743263804,0.6104545122988723,-0.30483350370222434,0.9543678398775062,-0.359737277331585,-0.175165222108147,1.8650684963793276,2.1747775279330845,2.4396158779218804,3.2360990076531917,0.4574200000371179,-0.4036377770062397,-0.12004803079841568,-0.01874523055724399,0.8579486644279252,-0.6236434587522978,0.5227082793115765
1628370,2024-25,0.16662544257685696,-0.44725986001184936,-0.4700596285630402,-1.0963516617009572,-1.3635326406806747,0.5890709977045124,0.9173564526228594,0.9753793170458076,-0.6297400671873117,-0.5651657695008108,-0.6720088968833996,1.5047030591926418,0.836419715173681,0.42061967346988144,0.7952913278616347,0.4946108613875591,0.580083065335832,0.6640457181808694,-1.0637213878159475,-0.9829045215354018,-0.4980476425759539,7.974088870876393,0.20050460792288555,-0.16990983002458063,0.3135417296597847
1628371,2024-25,0.21711933563571903,0.8351686158703638,-0.4700596285630402,1.128492264161244,-1.3635326406806747,-1.8224782216355133,-1.1461616868985975,-1.2806105231190101,-0.4245654510323243,-0.48119289222940487,0.14393642129698986,-1.2689864461556422,-0.12671968138900092,-0.5723551524934993,-1.416113714521953,-1.521589138467071,-0.9413528722345716,-0.8220295157364726,0.5241088709033275,0.24573131240224783,-0.4980476425759539,0.9730049523756363,-0.1410247720797329,-1.0253092940194575,-1.7828750804101732
1628374,2024-25,0.7294374699991772,0.23388636714964503,-0.4700596285630402,1.76416195726473,-1.3635326406806747,0.38611883568084693,-0.6574337064856208,-1.028343288595788,0.19095839743263804,0.10661724867043676,0.2663282190240484,-0.388450095251425,-0.895677747999529,3.1347508644364557,-0.5459218386381585,-1.1855558051579658,-0.5356366222157973,-0.479089077140163,0.3272179188221374,0.18300816172074613,-0.29747642000011737,0.014873419711667179,-0.06418066157914376,-1.2187039554443861,1.809604809769196
1628378,2024-25,0.283634403285477,0.3246487095063698,-0.4700596285630402,-1.0963516617009572,0.7243398367905549,-0.24661437533411043,1.2431751062315106,1.6312741268061857,-0.6297400671873117,-0.48119289222940487,-0.7128061627924192,1.3506091977844037,-0.10341792179474246,0.22202470827720538,0.07678427437960254,1.1666775280057693,1.8986608778968483,2.2644344316303147,0.5241088709033275,0.6552765903814642,0.35823719226704087,-0.4305736963514062,-0.8411600010850998,-0.46000182216197355,0.032436039365294524
1628379,2024-25,0.9047357039530101,-0.969705794221731,-0.4700596285630402,-0.4606819685974711,0.6033960042541118,-0.5092583497176775,-0.4945243796812953,-0.04089725631917434,-0.5613485284689825,-0.5651657695008108,-0.6312116309743803,-0.16831600752537074,2.0791802268674644,-0.04276857864636276,-0.4660877215845993,0.15857752807845418,-0.3665881847079748,-0.30761885784200815,-1.0637213878159475,-0.9829045215354018,-0.4980476425759539,-0.4305736963514062,-0.7643158905845107,0.9755816261076896,-0.5821509603995701
1628381,2024-25,-0.706132022689669,0.6401320122621635,-0.4700596285630402,0.8106574176095009,0.7561671611422505,0.5174408228726307,-0.5488274886160704,-0.9706822064190513,0.6696991684609421,1.114291775927308,1.163868069022477,-0.10227578120755448,-1.058790065159338,0.3544213517389893,-0.011033254379312045,-0.8495224718488609,-0.6708753722220555,-0.7648727759704211,0.4066094317581012,-0.422085762500799,-0.30519069779149566,0.09892004538394518,0.3029634219236711,-1.3005247737395484,2.628444044140773
1628384,2024-25,0.1277026890960838,-0.16927618432005673,-0.4700596285630402,0.1749877245060149,0.8325527395863199,0.5890709977045124,-0.6031305975508456,-0.7039997013516447,-0.014216218722349419,0.3585358804846546,0.4703145485691458,-0.014222146117132694,0.0596943953650667,1.214999534240586,-0.49802136840602285,-0.17745580523065077,-0.26515912220328125,-0.2504621180759565,0.4701226421068721,0.29000647758918996,0.23480874760498757,0.46872519834196835,0.5505722224255686,-0.6608347397955533,0.31863373842899384
1628386,2024-25,-2.0412901955779015,1.7701253344171728,-0.4700596285630402,0.8106574176095009,0.9089383180303893,-0.23467601286212994,-0.9289492511594968,-1.2517799820306421,2.174313020264184,-0.1453013831437811,2.5101778440201197,-1.158919402292615,-0.7636344436320645,-1.8301232653804484,-0.6576896025131411,-0.5134891385397559,-1.0427819347392653,-0.8791862555025243,1.6800492992509597,-0.5844280348529209,-0.4980476425759539,0.2502039715940456,0.9774839474288416,-0.7277790456734133,-0.6478401131103995
1628389,2024-25,-1.1011836535080444,0.5111247443155719,-0.4700596285630402,0.8106574176095009,0.845283669326998,1.5918934453508595,0.2657191454055573,-0.2859568555703046,2.174313020264184,1.7021019168271498,1.5718407281126716,-0.3003964601610034,-1.3694801930827838,0.42061967346988144,0.8032747395669908,-0.5134891385397559,0.20817650281862204,-0.5362458169062146,0.019178848630598128,0.50769270642499,0.35823719226704087,0.014873419711667179,-0.22640711708038755,-0.422810541118718,-0.11989116978273076
1628392,2024-25,-1.8847084023592597,0.046689036038899824,-0.4700596285630402,1.76416195726473,-1.3635326406806747,0.8158998846721385,-0.6031305975508456,-1.2301570762143659,2.7214453300108166,-0.48119289222940487,2.428583312202081,-1.048852358429588,-0.5461513540856526,-0.5061568307626073,0.8352083863884143,-0.8495224718488609,-0.9413528722345716,-0.8791862555025243,0.2065428191594726,-0.9829045215354018,-0.4980476425759539,-0.4305736963514062,0.004125214421379931,-0.422810541118718,0.3295807518169271
1628398,2024-25,-0.2606747833652938,-0.003834279740784387,-0.4700596285630402,0.8106574176095009,0.781629020623607,0.20704339860114204,-0.2773119439421945,-0.2571263144819363,-0.08260775744067847,-0.06132850587237518,-0.22323897188418543,0.31597898547194875,-0.8490742288110121,0.22202470827720538,-0.5938223088702941,-0.5134891385397559,-0.09611068469545864,-0.07899189877780174,0.7019458598798864,0.2789376862924546,-0.29747642000011737,0.6788417625226634,-0.3715571035815004,-0.4376870535360202,0.2888329657960783
1628401,2024-25,1.4713812621151552,-0.6448895521744242,-0.4700596285630402,-0.7785168151492141,0.6606851880871638,0.21898176107312256,1.3517813241010608,1.2492694573853063,-0.5613485284689825,-0.5651657695008108,-0.5496170991563412,-0.25636964261579254,0.14513418054401436,1.8769827515495066,1.7612841442097003,1.5027108613148743,0.3096055653233155,0.8355159374790241,-1.0637213878159475,-0.9829045215354018,-0.4980476425759539,-0.4305736963514062,0.6786457399265505,0.46234194771076337,0.07775184818408701
1628404,2024-25,-0.4668380959561797,0.25164421674117793,-0.4700596285630402,-0.7785168151492141,0.6861470475685203,0.636824447592434,0.3743253632751075,-0.033689621047082105,0.3961330135876255,-0.5651657695008108,0.6335036122052237,-0.36643668647881966,0.3703845232885123,-0.5061568307626073,1.6894334388614973,0.4946108613875591,-0.4003978722095393,-0.3647755976080598,-1.0637213878159475,1.4780567434388092,2.0708068619530304,-0.4305736963514062,0.22611931142308195,0.4028358980415545,0.3113757016587452
1628415,2024-25,0.5028377022801839,-0.9428605187250414,-0.4700596285630402,-0.1428471220457281,0.6224923988651291,-0.3301829126379726,-0.6574337064856208,-0.430109561012146,-0.4929569897506534,0.10661724867043676,-0.42722530142928283,-0.4324769127966359,-0.7092636712454614,1.3473961777023702,-0.9610592473166659,-0.8495224718488609,0.10674744031392852,-0.2504621180759565,0.8766071883390065,-0.07526363520308411,-0.37461919791390064,-0.01874523055724399,-0.6874717800839215,-0.6533964835869023,-0.1513948437089563
1628436,2024-25,-2.026988813995871,0.9826756915926254,-0.4700596285630402,2.081996803816473,-1.3635326406806747,-1.4523889850041232,-1.2004647958333727,-1.367102146384115,0.12256685871430884,-0.3972200149579989,1.4902461962946327,-1.2689864461556422,0.3703845232885123,-2.0949165523040167,-1.5917487720397832,-0.8495224718488609,-1.0427819347392653,-0.8791862555025243,-0.4285892843282375,0.555657468710844,0.7902367485842275,-0.4305736963514062,0.3029634219236711,-0.05089773068616286,-1.3600539268346812
1628960,2024-25,1.4477452259805976,-0.05013028245236053,-0.4700596285630402,-0.7785168151492141,0.6543197232168246,-0.3540596375819332,-0.6031305975508456,-0.5093935490051589,-0.4929569897506534,-0.5651657695008108,-0.7536034287014386,-0.2123428250705816,0.8208852087775086,0.8178096038552338,-0.5459218386381585,-0.5134891385397559,-0.6708753722220555,-0.3647755976080598,-1.0637213878159475,-0.9829045215354018,-0.4980476425759539,-0.4305736963514062,1.2507074514309364,2.545053686133073,-0.45320209898585295
1628969,2024-25,-0.15089751540968654,-1.2660039544642079,-0.4700596285630402,-0.1428471220457281,-1.3635326406806747,1.484448183103037,-0.1687057260726443,-0.321995031930765,0.12256685871430884,0.2745630032132486,0.3071254849330679,0.0738314889732889,0.44805705526937384,1.4135944994332625,0.22846909678136534,0.8306441946966641,0.4786540028311381,-0.479089077140163,0.6892432178101323,0.3490400311717798,0.5279513036773642,0.4771298609091961,1.1738633409303472,-0.7649703267166689,0.08174640524324646
1628970,2024-25,-0.04323353736116041,-0.04910320226694206,-0.4700596285630402,0.1749877245060149,0.7116089070498767,0.8755916970320401,0.3743253632751075,0.18253943711567985,-0.4245654510323243,-0.22927426041518703,-0.10084717415712686,1.2845689714665876,-0.8801432416033567,0.48681799520077357,0.5398221532902459,0.15857752807845418,0.41103462782800937,0.7783591977129725,1.318024000262965,0.6220702164912575,0.17309452527396085,1.0318375903462307,1.2507074514309364,-0.921173707098342,0.5192228851033713
1628973,2024-25,-0.4492897340336137,1.2279313253956887,-0.4700596285630402,-1.4141865082527,0.5715686799024162,0.7920231597281783,3.252390136818192,2.7917034056130094,-0.4929569897506534,-0.06132850587237518,-0.7944006946104581,2.6053734978229133,0.2694102317133928,-0.9033467611479596,1.9369192017275307,2.510810861242189,2.067709315404671,1.4642400749055917,0.4320147158976095,0.5113823035239018,0.7516653596273358,-0.2036478070362556,-0.8411600010850998,0.04579960002630158,0.6779959966494531
1628976,2024-25,-0.493848444592898,1.073713302719891,-0.4700596285630402,1.128492264161244,0.889841923419372,-0.24661437533411043,-0.9289492511594968,-1.2373647114864579,1.4220060943625628,-0.06132850587237518,1.2862598667495353,-1.0928791759747987,-1.2296696355172332,-0.175165222108147,-0.689623249334565,-0.5134891385397559,-0.8737334972314426,-0.8791862555025243,0.10492168260143889,-0.10478041199437903,0.049666080611907554,-0.027149893124471795,0.03827815242164178,-0.24429239211109174,-0.6510084714609288
1628978,2024-25,1.560463316004469,-1.2068152570187467,-0.4700596285630402,-0.7785168151492141,0.6224923988651291,0.13541322376926035,-0.1687057260726443,0.01676382585756227,-0.6297400671873117,-0.5651657695008108,-0.7944006946104581,-0.23435623384318696,0.8597214747679394,1.148801212509694,0.26040274360278887,0.15857752807845418,-0.33277849720641023,0.26394853981850797,-1.0637213878159475,2.7066925773764585,3.3590912531132116,-0.4305736963514062,-1.6010628715909254,0.053237856234952696,-0.1504450175711853
1628983,2024-25,-0.7851760953100384,1.5073472283163776,-0.4700596285630402,-0.1428471220457281,0.7625326260125896,0.14735158624124042,2.166327958122688,2.2655460307502877,-0.35617391231399514,0.3585358804846546,-0.5496170991563412,3.2217489434558653,-0.21215946656794815,-1.3005366915333119,0.6036894469330929,2.1747775279330845,2.9467611904453483,1.8071805135019017,0.44154169744992516,0.5187614977217253,0.12680885852569093,0.15775268335453982,0.6530310364263541,0.17968821178202157,-0.01734438115978309
1628989,2024-25,1.1106599932869825,-1.4357434999642165,-0.4700596285630402,0.1749877245060149,0.6606851880871638,-0.270491100278071,-0.6574337064856208,-0.5814699017260794,-0.6297400671873117,-0.5651657695008108,-0.5904143650653607,-0.7186512268405064,0.20727220612870356,0.751611282124342,-0.4660877215845993,-0.5134891385397559,-0.43420755971110386,-0.13614863854385328,-1.0637213878159475,-0.9829045215354018,-0.4980476425759539,-0.4305736963514062,0.07243109042190363,-0.9137354508896909,-0.542670652921692
1628991,2024-25,-0.4992685990549074,0.8157084745827048,-0.4700596285630402,1.128492264161244,0.9089383180303893,0.31448866084896526,-0.22300883500741928,-0.11297360904009511,-0.4245654510323243,1.6181290395557437,-0.26403623779320484,1.108461701285744,-1.750075599789005,0.8840079255861256,-0.585838897164938,-0.5134891385397559,-0.062300997193894085,-0.42193233737411134,0.7559320886763415,0.04649306906100739,-0.2511907532518473,0.09892004538394518,0.43103693942465304,-1.4046603606606638,-0.15342051714282798
1628997,2024-25,-0.4099483896114664,0.763350672076146,-0.4700596285630402,-0.4606819685974711,0.7243398367905549,-0.8435324989331268,-0.2773119439421945,0.26182342510869255,-0.4245654510323243,-0.5651657695008108,-0.5088198332473217,-0.08026237243494913,0.7354454235985614,-0.6385534742243915,-0.45012089817388756,-0.8495224718488609,-0.5018269347142329,-0.6505592964383179,0.5241088709033275,-0.9829045215354018,-0.4980476425759539,-0.4305736963514062,-0.7643158905845107,0.7896252208914118,1.0602954819851311
1628998,2024-25,0.21005191024846487,-0.4643158524313014,-0.4700596285630402,-0.1428471220457281,0.7307053016608941,-1.0942381108447132,-0.6031305975508456,-0.22108813812147593,-0.4929569897506534,-0.5651657695008108,-0.3864280355202633,-0.6085841829774793,0.7898161959851641,-0.5061568307626073,-0.7215568961559885,-0.8495224718488609,-0.5694463097173619,-0.5934025566722663,-1.0637213878159475,-0.9829045215354018,-0.4980476425759539,-0.4305736963514062,0.5164192844253067,1.3177414117056403,-0.1454352141858548
1629008,2024-25,0.21984808854988663,-0.48781432922686185,-0.4700596285630402,1.128492264161244,0.781629020623607,0.38611883568084693,-0.6031305975508456,-0.8625676773376703,0.12256685871430884,-0.48119289222940487,0.5927063462962042,-0.696637818067901,-0.6315911392646003,1.0826028907788023,-0.3623033694149724,-0.17745580523065077,0.005318377809235017,0.035321580754301585,2.1119391296226024,0.8618940279205285,2.5876634739753785,0.4098925603713738,0.6188780984260922,-1.5683019972509882,0.15494034602813678
1629012,2024-25,-0.5392898471611791,0.46376893293069554,-0.4700596285630402,-1.0963516617009572,0.6543197232168246,0.4099955606248075,0.8087502347533089,1.4871214213643449,-0.35617391231399514,-0.5651657695008108,-0.3864280355202633,1.4386628328748254,-0.46847882210479114,-0.7709501176861754,0.012916980736755467,0.15857752807845418,0.5124636903327029,0.3782620193506113,-1.0637213878159475,2.7066925773764585,-0.4980476425759539,-0.4305736963514062,-1.268071726088373,-0.7129025332561111,0.15146400479190086
1629014,2024-25,0.5180606055361542,-0.6033107403338496,-0.4700596285630402,-1.0963516617009572,0.7052434421795376,0.46968737298470914,1.2431751062315106,1.321345810106227,-0.6981316059056408,-0.5651657695008108,-0.8759952264284971,0.7342337521514519,-0.46071156890670495,0.751611282124342,0.8431917980937703,0.15857752807845418,1.357705877871816,1.5213968146716437,-1.0637213878159475,-0.9829045215354018,-0.4980476425759539,-0.4305736963514062,-1.1229217395872602,-0.288921929362998,0.2222075489492983
1629018,2024-25,1.1683493991542448,-0.8987869422354154,-0.4700596285630402,-0.4606819685974711,0.6925125124388594,-0.9271010362369889,-0.9289492511594968,-0.30037212611448877,-0.6981316059056408,-0.5651657695008108,-0.8351979605194776,-0.850731679476139,-0.8879104948014428,0.8178096038552338,-1.5119146549862241,-0.8495224718488609,-0.062300997193894085,-0.07899189877780174,-1.0637213878159475,-0.9829045215354018,-0.4980476425759539,-0.4305736963514062,-1.40468347808942,0.29870031112043893,-0.6200488617310661
1629023,2024-25,-0.3085070109405458,0.5388852224147492,-0.4700596285630402,-0.1428471220457281,0.838918204456659,-0.5570117996055987,-0.2773119439421945,-0.46614773737260634,-0.15099929615900767,0.4425087577560604,-0.01925264233908802,0.22792535038152692,-0.9034450011976152,-0.04276857864636276,0.26040274360278887,-0.17745580523065077,-0.4003978722095393,-0.2504621180759565,0.43519037641504804,-0.14536598008240942,-0.266619308834604,0.8469350138672193,-0.0556424270790783,-0.6905877646301578,1.0833064214313026
1629026,2024-25,0.3009106485247865,-1.1709902872584819,-0.4700596285630402,-0.1428471220457281,0.6543197232168246,-1.5120807973640247,-0.9832523600942719,-0.43731719628423804,-0.4929569897506534,-0.48119289222940487,-0.30483350370222434,-0.7846914531583228,0.4635915616655461,-0.7047517959552834,-1.424097126227309,-0.8495224718488609,-0.8061141222283135,-0.7077160362043694,0.5241088709033275,0.8618940279205285,-0.4980476425759539,-0.4305736963514062,0.7554898504271397,0.8640077829779229,-1.5435546384153038
1629027,2024-25,0.21968403932718933,1.5412392144518863,-0.4700596285630402,-1.7320213548044432,0.5461068204210597,0.5055024604006502,3.143783918948642,2.034901702043342,-0.5613485284689825,-0.5651657695008108,-0.7944006946104581,2.4512796364146756,0.5179623340521492,-1.1019417263406357,2.176421552888208,2.510810861242189,2.5072352529250095,3.121785528121089,-1.0637213878159475,0.8618940279205285,-0.4980476425759539,-0.4305736963514062,-0.5167070900826133,0.9458286012730852,0.32605866924863564
1629028,2024-25,-1.7428040954322352,-1.0065829038896739,-0.4700596285630402,1.76416195726473,-1.3635326406806747,0.5532559102885718,-0.7660399243551712,-1.1508730882213531,2.174313020264184,0.5264816350274665,2.8365559712922757,-1.0268389496569825,-1.3151094206961806,0.2882230300080975,-0.30641948747748105,-1.1855558051579658,-0.7384947472251845,-0.8791862555025243,0.6892432178101323,0.15349138492945122,-0.3514763645397656,0.5359624988797907,0.3627310634241293,-0.9360502195156443,2.2168886960359138
1629029,2024-25,0.23298365652195185,1.337616124281928,-0.019182859466538846,-0.1428471220457281,-1.3635326406806747,1.2337425711914498,2.166327958122688,1.2853076337457667,-0.28778237359566594,0.8623731441130901,-0.5496170991563412,2.2311455486886214,0.12959967414784207,-0.43995850903171513,1.3541301472365486,1.5027108613148743,2.9467611904453483,3.007472048588985,-0.15548247982852229,0.6294494106890812,0.11909458073431259,-0.2372664573051668,0.7469516159270742,-0.8988589384723887,1.9980617060679646
1629048,2024-25,-1.6727221417591782,1.4011026617860414,-0.4700596285630402,1.128492264161244,-1.3635326406806747,-0.49731998724569704,-0.8203430332899463,-1.0787967355004324,0.8748737846159295,-0.3972200149579989,1.163868069022477,-1.2029462198378258,-1.5015234974502483,-1.8301232653804484,-0.49802136840602285,-0.8495224718488609,-1.0765916222408298,-0.8791862555025243,1.203700221635177,0.33428164277613237,0.049666080611907554,-0.4305736963514062,0.6786457399265505,-0.7649703267166689,-1.309294582674357
1629060,2024-25,0.03363247412267788,-0.3869395642876812,-0.4700596285630402,0.4928225710577579,-1.3635326406806747,-0.5450734371336186,-0.8203430332899463,-0.949059300602775,-0.28778237359566594,0.10661724867043676,0.3479227508420873,-0.7626780443857173,-0.7170309244435475,0.751611282124342,-0.7295403078613445,-0.8495224718488609,-0.7046850597236199,-0.8220295157364726,0.724175483501956,0.30107526888592556,0.3428086366842842,0.48553452347642395,0.9774839474288416,-0.3633044914495091,0.7743182964571218
1629130,2024-25,1.510634385330541,-1.4465561707930186,-0.4700596285630402,0.1749877245060149,-1.3635326406806747,-0.043662213310444536,-0.7660399243551712,-0.6679615249911843,-0.6297400671873117,-0.5651657695008108,-0.7128061627924192,-0.388450095251425,1.3257566666531084,0.5530163169316654,-0.8333246600309714,-0.8495224718488609,-0.12992037219702318,0.5497322386487661,-1.0637213878159475,-0.9829045215354018,-0.4980476425759539,-0.4305736963514062,0.8664868989279907,-0.5715756652917402,-0.9184739658281952
1629216,2024-25,1.5461563689606737,-1.7194770879189996,-0.4700596285630402,-1.4141865082527,-1.3635326406806747,-1.3568820852282806,-0.5488274886160704,0.3266921425575214,-0.6297400671873117,-0.5651657695008108,-0.7944006946104581,-0.8727450882487444,0.55679860004258,0.023429743084529053,-0.9530758356113102,-0.5134891385397559,-0.5356366222157973,-0.2504621180759565,-1.0637213878159475,-0.9829045215354018,-0.4980476425759539,-0.4305736963514062,1.0116368854291036,1.8012280652679626,-1.0722081103630796
1629312,2024-25,0.8571240762372933,-1.1727684585080567,-0.4700596285630402,-0.4606819685974711,-1.3635326406806747,-1.1658682856765954,-0.9832523600942719,-0.8553600420655781,-0.4929569897506534,-0.5651657695008108,-0.30483350370222434,-0.9828121321117715,1.2869204006626778,-0.10896690037725489,-1.0089597175488014,-0.8495224718488609,-0.9751625597361363,-0.7648727759704211,-1.0637213878159475,2.7066925773764585,-0.4980476425759539,-0.4305736963514062,-0.07271889607920923,0.06811436865225491,-0.8208075681236799
1629599,2024-25,0.30713471274373194,0.13047300776365783,-0.4700596285630402,0.1749877245060149,-1.3635326406806747,-1.1778066481485758,-0.9289492511594968,-0.6391309839028161,-0.5613485284689825,-0.5651657695008108,-0.7944006946104581,-0.8287182707035335,-1.4626872314598176,-0.10896690037725489,-1.3921634794058853,-0.8495224718488609,-0.46801724721266835,-0.6505592964383179,2.1119391296226024,-0.9829045215354018,-0.4980476425759539,-0.4305736963514062,-0.567936497083006,-0.6385199711696,-0.8156830966391839
1629610,2024-25,0.6977665066521992,-1.2354994071270777,-0.4700596285630402,-0.4606819685974711,0.7561671611422505,-1.1778066481485758,-0.9289492511594968,-0.7472455129841972,-0.6297400671873117,-0.5651657695008108,-0.5496170991563412,-0.8287182707035335,-0.6082893796703418,-0.04276857864636276,-1.2564454804148346,-0.5134891385397559,-0.8061141222283135,-0.7077160362043694,-1.0637213878159475,2.7066925773764585,-0.4980476425759539,-0.4305736963514062,0.012663448921445393,-0.25173064831974284,0.425651174211601
1629611,2024-25,-0.13465685311306552,-0.674372459698657,-0.4700596285630402,-0.4606819685974711,0.6670506529575029,-1.2136217355645167,-0.711736815420396,0.1897470723877721,-0.35617391231399514,-0.48119289222940487,-0.1824417059751659,-0.6085841829774793,0.9995320323334901,-1.0357434046097438,-1.136694304834496,-1.1855558051579658,-0.4003978722095393,-0.42193233737411134,0.2065428191594726,-0.36674180601712103,-0.4980476425759539,-0.4305736963514062,0.25173401492327835,0.7524339398481563,-0.9783209541396684
1629614,2024-25,-0.4796393326170182,0.124802433944513,-0.4700596285630402,-0.7785168151492141,0.61612693399479,0.5055024604006502,0.32002225434033255,0.492467753815639,-0.4929569897506534,-0.5651657695008108,-0.7128061627924192,0.536113073198003,0.836419715173681,-0.5723551524934993,0.9230259151473295,0.8306441946966641,-0.028491309692329537,-0.479089077140163,-1.0637213878159475,2.7066925773764585,2.0708068619530304,-0.4305736963514062,0.15781343542255824,1.6078334038430337,0.07263128198864723
1629622,2024-25,1.791636383775184,-1.3443405316238686,-0.4700596285630402,-0.4606819685974711,-1.3635326406806747,-0.5092583497176775,-0.7660399243551712,-0.740037877712105,-0.5613485284689825,-0.5651657695008108,-0.3864280355202633,-0.7626780443857173,2.38987035479091,1.0826028907788023,-0.16271807678107456,-0.17745580523065077,-0.7384947472251845,-0.30761885784200815,-1.0637213878159475,-0.9829045215354018,-0.4980476425759539,-0.4305736963514062,0.5505722224255686,2.0690052887794015,0.6650238956210072
1629628,2024-25,-0.544036592397611,0.7116846379312013,-0.4700596285630402,-0.1428471220457281,-1.3635326406806747,1.126297308943627,0.5915377990142084,0.34110741310170556,-0.28778237359566594,-0.1453013831437811,-0.060049908248107534,1.4606762416474308,-0.38303903692584346,0.9502062473170181,0.9070590917366179,0.4946108613875591,-0.43420755971110386,-0.5362458169062146,0.9559987012749703,-0.09371162069764344,-0.4980476425759539,-0.4305736963514062,0.14927520092249277,-1.3154012861568505,0.843076100049215
1629630,2024-25,-0.49979876042936233,1.0957246789528976,-0.4700596285630402,-1.4141865082527,-1.3635326406806747,0.06378304893737823,1.5689937598401615,1.5664054093573572,-0.6297400671873117,-0.313247137686593,-0.5496170991563412,2.385239410096859,-0.3442027709354127,-0.43995850903171513,0.619656270343805,0.15857752807845418,0.8167508778467834,0.7212024579469208,0.5241088709033275,-0.13060759168676198,0.6899511372963091,0.21658532132513436,-0.20933064808025661,-0.1550333176072784,1.4279069799129402
1629631,2024-25,0.42971885695146966,0.8633034804495414,-0.4700596285630402,0.4928225710577579,-1.3635326406806747,-0.49731998724569704,-0.711736815420396,-0.5670546311818955,-0.21939083487733682,-0.22927426041518703,-0.3864280355202633,-0.23435623384318696,-0.996652039574649,1.0826028907788023,-0.9770260707273777,-0.5134891385397559,-0.09611068469545864,-0.13614863854385328,0.6670135941880624,-0.5217048841714192,-0.174047975338064,0.6200091245520687,0.6188780984260922,-0.5195078718311824,-0.0077687191772409046
1629632,2024-25,0.48776188390656144,0.3211865536785827,-0.4700596285630402,-0.4606819685974711,0.5970305393837726,0.3980571981528274,0.6458409079489834,0.8168113410597819,-0.6981316059056408,-0.5651657695008108,-0.9167924923375165,1.4606762416474308,0.8053507023813363,0.8178096038552338,0.4759548596473982,0.8306441946966641,0.6477024403389607,1.0641428965432305,-1.0637213878159475,-0.9829045215354018,-0.4980476425759539,7.974088870876393,0.8152574919275979,0.5367245097972745,0.2643746285931523
1629634,2024-25,-1.8593094574713354,-0.08824725526518422,-0.4700596285630402,0.4928225710577579,0.6797815826981811,-1.33300536028432,-1.0918585779638221,-1.03555092386788,0.738090707179271,-0.5651657695008108,1.0006790053863992,-0.9167719057939554,0.5645658532406661,-1.6977266219186642,-1.4001468911112411,-0.8495224718488609,-0.9751625597361363,-0.8791862555025243,0.5241088709033275,-0.9829045215354018,-0.4980476425759539,-0.4305736963514062,0.7469516159270742,-0.3112366979889513,-0.9927411224160032
1629636,2024-25,0.14095895064671515,-0.19527679058235875,-0.4700596285630402,-1.7320213548044432,-1.3635326406806747,-0.15110747555826773,1.3517813241010608,1.7826344675201191,-0.4245654510323243,-0.5651657695008108,-0.7536034287014386,1.878931008326934,0.6500056384196138,-0.04276857864636276,0.6595733288705845,2.1747775279330845,1.357705877871816,1.4070833351395402,-1.0637213878159475,-0.9829045215354018,-0.4980476425759539,-0.4305736963514062,-0.0556424270790783,1.6003951476343825,-0.17816267122797214
1629637,2024-25,-2.013491545969505,1.8307390929748195,-0.4700596285630402,1.76416195726473,0.8643800639380155,-1.4523889850041232,-1.0918585779638221,-1.2734028878469184,0.3277414748692963,-0.5651657695008108,1.163868069022477,-1.2469730373830368,-1.3151094206961806,-2.0949165523040167,-1.224511833593411,-0.8495224718488609,-1.0765916222408298,-0.8791862555025243,-1.0637213878159475,-0.9829045215354018,-0.4980476425759539,-0.4305736963514062,1.0884809959296926,-0.38561926007546243,-0.625280990179522
1629638,2024-25,0.8804920625970718,-0.4290733509342586,-0.4700596285630402,-0.4606819685974711,0.7116089070498767,-0.6763954243254019,-0.06009950820309384,0.39876849527844216,-0.5613485284689825,-0.5651657695008108,-0.7128061627924192,-0.4324769127966359,0.31601375090190925,0.2882230300080975,0.03686721585282298,0.15857752807845418,-0.46801724721266835,-0.3647755976080598,-1.0637213878159475,-0.9829045215354018,-0.4980476425759539,-0.4305736963514062,-0.6191659040833979,0.3284533359550434,-0.9954954339366338
1629639,2024-25,0.316489826914084,-0.01210323486020904,-0.4700596285630402,-0.4606819685974711,0.5524722852913988,1.1382356714156077,1.2431751062315106,0.9537564112295316,-0.6297400671873117,-0.5651657695008108,-0.7536034287014386,1.7468505556913014,0.5645658532406661,0.8840079255861256,1.0906775609598038,1.1666775280057693,1.4929446278780736,1.578553554437695,-1.0637213878159475,-0.9829045215354018,-0.4980476425759539,-0.4305736963514062,0.7469516159270742,-1.0178710378108065,0.1184387630476617
1629640,2024-25,-0.3260244926869562,0.12141998640326823,-0.4700596285630402,-0.4606819685974711,0.7052434421795376,-0.6763954243254019,-0.5488274886160704,-0.4517324668284222,-0.28778237359566594,-0.3972200149579989,-0.01925264233908802,0.05181808020068355,-0.47624607530287727,-0.175165222108147,-0.6736564259238532,-0.8495224718488609,-0.8061141222283135,-0.5362458169062146,-0.006226435508910295,-0.13060759168676198,-0.4980476425759539,0.21658532132513436,0.3541928289240639,-0.259168904528394,-0.8879620248425854
1629645,2024-25,-0.7418487123800521,0.1875489109557876,-0.4700596285630402,-0.7785168151492141,0.6988779773091984,-1.1300531982606543,0.3743253632751075,1.7610115617038435,-0.4929569897506534,-0.5651657695008108,-0.6312116309743803,0.38201921178976495,0.4325225488732015,-1.5653299784568802,-0.42617066305781975,0.15857752807845418,0.44484431532957375,-0.07899189877780174,2.1119391296226024,0.24573131240224783,-0.4980476425759539,2.368178938535451,0.11512226292223093,0.38795938562425225,-1.2917042960190044
1629651,2024-25,-1.8975791293012678,0.29624726618470054,-0.4700596285630402,1.446327110712987,0.838918204456659,0.672639535008375,-0.4945243796812953,-0.8697753126097623,2.379487636419171,-0.22927426041518703,2.1430024508389445,-0.7186512268405064,-1.214135129121061,-1.499131656725988,0.18855203825458577,-0.8495224718488609,-0.9751625597361363,-0.8791862555025243,-0.13007719568901385,-0.5401528696659785,-0.18947653092082067,-0.4305736963514062,0.28588695292354016,-0.355866235240858,-0.500523794064112
1629652,2024-25,1.3526860767792235,-1.4681421273427138,-0.4700596285630402,-0.7785168151492141,0.6861470475685203,-1.010669573540851,-0.8203430332899463,-0.43731719628423804,-0.5613485284689825,-0.5651657695008108,-0.3864280355202633,-0.696637818067901,1.6286795413784674,1.214999534240586,-1.1606445399505636,-0.8495224718488609,-0.5356366222157973,-0.42193233737411134,-1.0637213878159475,-0.9829045215354018,-0.4980476425759539,-0.4305736963514062,0.21758107692301648,1.5408890979651737,-0.23901235237683158
1629655,2024-25,-2.07979391522183,2.2581784042509723,-0.4700596285630402,1.128492264161244,0.838918204456659,-0.6763954243254019,-0.9289492511594968,-1.2806105231190101,0.8064822458976003,0.1905901259418427,2.3061915144750222,-1.114892584747404,-2.2316452980703456,-2.0949165523040167,-0.8572748951470389,-1.1855558051579658,-1.0427819347392653,-0.8791862555025243,0.6289056679787998,-0.27450187854432456,-0.3514763645397656,0.21658532132513436,0.9860221819289071,-1.144321393357875,-0.24804078938287427
1629656,2024-25,0.44133420649385324,0.1950406216478748,-0.4700596285630402,-0.7785168151492141,0.6670506529575029,-0.0914156631983661,-0.11440261713786908,0.4708448479993626,-0.5613485284689825,-0.5651657695008108,-0.6312116309743803,0.029804671428078005,0.0596943953650667,0.08962806481542117,-0.22658537042392193,-0.5134891385397559,0.20817650281862204,0.3782620193506113,0.5241088709033275,0.24573131240224783,-0.4980476425759539,-0.4305736963514062,0.11512226292223093,0.38795938562425225,-0.499376601456154
1629660,2024-25,-0.062149162877212526,0.007785074022497534,-0.4700596285630402,-0.4606819685974711,0.5715686799024162,-1.1419915607326347,0.15711292753600684,1.1916083752085695,-0.6981316059056408,-0.5651657695008108,-0.7128061627924192,0.536113073198003,0.4169880424770292,-1.0357434046097438,-0.4581043098792433,0.15857752807845418,0.27579587782175113,0.20679180005245631,-1.0637213878159475,2.7066925773764585,2.0708068619530304,-0.4305736963514062,-0.10687183407947107,0.3358915921636945,-1.120007802361321
1629661,2024-25,0.6120645247842085,0.5704297094084599,-0.4700596285630402,0.4928225710577579,0.7243398367905549,1.2337425711914498,-0.2773119439421945,-0.06972779740754265,-0.28778237359566594,-0.48119289222940487,-0.5088198332473217,0.22792535038152692,0.5334968404483215,1.2811978559714783,-0.13078442995965076,-0.8495224718488609,0.2419861903201866,0.32110527958455964,-0.006226435508910295,-0.9829045215354018,-0.4980476425759539,-0.4305736963514062,-0.3715571035815004,-0.22941587969378952,0.6888331737826577
1629673,2024-25,0.8204067878727721,0.18774731865243874,-0.4700596285630402,-0.7785168151492141,0.6415887934761464,0.48162573545668963,0.8087502347533089,0.9105105995969791,-0.6297400671873117,-0.5651657695008108,-0.7944006946104581,0.4700728468801866,-0.25876298575646506,0.6192146386625578,0.43603780112061863,0.8306441946966641,1.1548477528624286,1.9786507328000564,-1.0637213878159475,2.7066925773764585,7.216230148802377,-0.4305736963514062,-0.345942400081304,-0.08065075552076731,0.14612168627445082
1629675,2024-25,0.38711395570270163,-0.7629709453666071,-0.4700596285630402,0.8106574176095009,0.8580145990676763,0.13541322376926035,-0.6574337064856208,-0.8481524067934861,-0.014216218722349419,0.2745630032132486,-0.26403623779320484,-0.3444232777062141,-1.3617129398846977,1.0164045690479098,-0.0988507831382272,-0.5134891385397559,-0.5018269347142329,-0.2504621180759565,0.5653924576300288,0.4744863325347832,0.3119515255187708,-0.3213130829774448,0.2688104839234092,-0.7203407894647622,-0.739283255595328
1629731,2024-25,1.957555521685425,-1.166144242036701,-0.4700596285630402,0.8106574176095009,-1.3635326406806747,-1.4046355351162019,-1.0918585779638221,-1.1869112645818134,-0.5613485284689825,-0.5651657695008108,-0.5496170991563412,-1.048852358429588,2.2422925440272734,0.22202470827720538,-0.9770260707273777,-0.8495224718488609,-1.0089722472377007,-0.8220295157364726,-1.0637213878159475,-0.9829045215354018,-0.4980476425759539,-0.4305736963514062,0.7042604434267469,2.641751016845537,-0.5459253998197294
1629750,2024-25,0.34151316538310966,0.2386506682595684,-0.4700596285630402,-0.4606819685974711,-1.3635326406806747,-1.6434027845558086,-1.0375554690290472,-1.0571738296841562,-0.4929569897506534,-0.5651657695008108,-0.4680225673383022,-1.114892584747404,-1.268505901507664,-0.8371484394170675,-1.0648435994862928,-1.1855558051579658,-1.0089722472377007,-0.8791862555025243,-1.0637213878159475,2.7066925773764585,-0.4980476425759539,-0.4305736963514062,-0.345942400081304,-0.11040378035537174,-1.1292865661021563
1630162,2024-25,0.3997309785727772,0.6295676824071398,-0.4700596285630402,-0.7785168151492141,-1.3635326406806747,1.4486330956870963,1.7862061955792625,1.7105581147991988,-0.4929569897506534,-0.1453013831437811,-0.6312116309743803,1.5927566942830633,-0.29759925174689583,-0.37376018730082305,0.8990756800312619,2.510810861242189,2.7100933779343963,3.4647259667173986,-0.33014380828764245,1.013167508975915,0.9599508599945508,-0.4305736963514062,-0.456939448582155,-0.77240858292532,0.12048496390190122
1630163,2024-25,0.5146581170964644,-0.09401123376599883,-0.4700596285630402,0.1749877245060149,-1.3635326406806747,0.9591602343359027,2.220631067057464,1.7898421027922118,-0.6297400671873117,-0.5651657695008108,-0.6312116309743803,2.0110114609625667,-0.29759925174689583,0.9502062473170181,1.6974168505668532,1.838744194623979,2.2029480654109284,2.836001829290831,-1.0637213878159475,-0.9829045215354018,-0.4980476425759539,-0.4305736963514062,-1.6010628715909254,-0.4971931032052291,1.7839760387403516
1630166,2024-25,-0.08270999207893352,1.8425567765134436,-0.4700596285630402,0.8106574176095009,-1.3635326406806747,0.5890709977045124,0.3743253632751075,0.06000963749011473,-0.08260775744067847,-0.1453013831437811,0.021544623569931497,1.0204080661953223,0.5101950808540631,0.3544213517389893,0.962942973674109,0.15857752807845418,-0.5694463097173619,-0.30761885784200815,-0.5333860814037097,1.610882238999636,0.33509435889290584,0.023278082278894986,-0.18371594458006024,0.17968821178202157,-0.1911004545288291
1630167,2024-25,0.3967859018754469,-0.44038817440799577,-0.4700596285630402,0.8106574176095009,-1.3635326406806747,-0.5928268870215397,-0.8746461422247216,-1.042758559139972,-0.4245654510323243,-0.1453013831437811,0.021544623569931497,-0.8067048619309282,0.05192714216698055,0.023429743084529053,-0.585838897164938,-0.8495224718488609,-0.8061141222283135,-0.5934025566722663,1.3656589080245434,0.7327581294586134,0.7593796374187142,-0.2372664573051668,1.1824015754304127,-0.8914206822637376,-1.3686872126306533
1630168,2024-25,-1.0133984986508104,0.7033789870521086,-0.4700596285630402,1.128492264161244,-1.3635326406806747,0.004091236577476596,-0.9289492511594968,-1.2013265351259974,1.2852230169259045,-0.06132850587237518,2.3877860462930616,-1.0928791759747987,-1.4471527250636453,-0.7709501176861754,-0.4660877215845993,-0.8495224718488609,-0.9751625597361363,-0.8791862555025243,0.724175483501956,-0.7135639333148359,-0.312904975582874,-0.01874523055724399,0.3627310634241293,-0.6905877646301578,-0.45184562123995703
1630169,2024-25,0.6734899578453918,-0.1636470437526618,-0.4700596285630402,-0.4606819685974711,-1.3635326406806747,1.4247563707431352,1.6775999777097121,0.6726586356179407,-0.6981316059056408,-0.5651657695008108,-0.7944006946104581,1.0644348837405333,1.4966362370110038,-0.8371484394170675,3.2621655448166123,2.846844194551294,1.7634221278905902,2.3787479111624177,-1.0637213878159475,-0.9829045215354018,-0.4980476425759539,-0.4305736963514062,-1.40468347808942,0.9458286012730852,0.1800128619305766
1630170,2024-25,0.2985145809394636,-0.9447967255545057,-0.4700596285630402,-0.4606819685974711,-1.3635326406806747,0.48162573545668963,-0.11440261713786908,0.07442490803429888,-0.4245654510323243,-0.5651657695008108,-0.7536034287014386,0.2939655766993432,0.06746164856315286,1.3473961777023702,-0.04296690120073615,0.4946108613875591,0.7491315028436546,0.09247832052035312,0.5241088709033275,-0.9829045215354018,-0.4980476425759539,-0.4305736963514062,-0.7387011870843143,0.4549036915021123,0.4941280468042946
1630171,2024-25,0.707471602672724,-0.6047674308504885,-0.4700596285630402,-0.4606819685974711,-1.3635326406806747,-1.5837109721959068,-1.0918585779638221,-0.5670546311818955,-0.4929569897506534,-0.48119289222940487,-0.22323897188418543,-0.9387853145665607,1.1859461090875578,-0.5061568307626073,-1.6316658305665628,-1.1855558051579658,-1.0089722472377007,-0.7648727759704211,2.1119391296226024,1.2308537378117144,1.0448079156997123,-0.4305736963514062,0.909178071428318,1.362370948957547,-0.6731241364432162
1630172,2024-25,0.5181624861793468,-0.7089774401031271,-0.4700596285630402,0.1749877245060149,-1.3635326406806747,-0.7719023241012446,-0.711736815420396,-0.46614773737260634,-0.6297400671873117,-0.313247137686593,-0.5496170991563412,-0.32240986893360873,0.16843594013827282,-0.10896690037725489,-0.6018057205756497,-0.8495224718488609,-0.3665881847079748,-0.2504621180759565,-0.26980625845631,0.18300816172074613,0.7208082484618225,0.4519158732075127,-1.1229217395872602,-0.1550333176072784,-0.07797451679965765
1630173,2024-25,-1.5372093888633542,-0.25176638177109134,-0.4700596285630402,0.4928225710577579,0.7943599503642852,-1.3091286353403593,-0.9289492511594968,-0.7544531482562891,0.3277414748692963,-0.313247137686593,0.6335036122052237,-0.9387853145665607,-1.0665573183574242,-1.6315283001877723,-1.1446777165398518,-1.1855558051579658,-0.8737334972314426,-0.8791862555025243,0.2605290479559278,-0.36674180601712103,-0.06604808625876736,0.040087407413350595,-0.6533188420836596,-0.6459582273782511,-0.586160715938856
1630174,2024-25,0.45596556317513576,-0.2511044009821741,-0.4700596285630402,-0.1428471220457281,-1.3635326406806747,-0.4256898124138153,-0.8746461422247216,-0.9058134889702225,-0.6297400671873117,-0.5651657695008108,-0.5496170991563412,-0.4765037303418468,-0.35197002413349887,0.22202470827720538,-0.49802136840602285,-0.17745580523065077,-0.5356366222157973,-0.479089077140163,-1.0637213878159475,-0.9829045215354018,-0.4980476425759539,-0.4305736963514062,0.9433310094285798,-0.12528029277267397,0.9710693902550809
1630175,2024-25,-0.10114236283845109,-0.27825699175754853,-0.4700596285630402,-1.4141865082527,-1.3635326406806747,-1.2016833730925363,0.32002225434033255,1.5159519624527125,-0.6297400671873117,-0.5651657695008108,-0.7128061627924192,0.3379923942445541,0.6034021192310969,-0.6385534742243915,-0.4341540747631758,-0.5134891385397559,-0.12992037219702318,-0.42193233737411134,2.1119391296226024,-0.9829045215354018,-0.4980476425759539,-0.4305736963514062,-0.5167070900826133,1.5185743293392202,-1.3318959892788986
1630178,2024-25,0.07952009274710503,0.23943671243902448,-0.4700596285630402,-1.4141865082527,-1.3635326406806747,1.4605714581590767,2.70935904747044,1.7538039264317509,-0.6981316059056408,-0.48119289222940487,-0.8759952264284971,1.8128907820091176,-0.8024707096224952,-0.10896690037725489,2.168438141182852,1.5027108613148743,2.0000899404015415,2.5502181304605727,-1.0637213878159475,-0.24498510175302965,-0.4980476425759539,1.2503588170941538,1.0116368854291036,-0.22941587969378952,1.843940791468096
1630182,2024-25,0.8234414205901874,-0.6162829845932165,-0.4700596285630402,-0.4606819685974711,0.7179743719202158,-0.8554708614051068,-0.8746461422247216,-0.5886775369981715,-0.5613485284689825,-0.5651657695008108,-0.5904143650653607,-0.5645573654322685,0.9839975259373178,0.15582638654631328,-0.9929928941380897,-0.5134891385397559,-0.8061141222283135,-0.7648727759704211,-1.0637213878159475,-0.9829045215354018,-0.4980476425759539,-0.4305736963514062,0.8152574919275979,1.5334508417565225,-0.20815838383016225
1630183,2024-25,-0.2892324491905175,-0.7762102108550764,-0.4700596285630402,0.8106574176095009,-1.3635326406806747,-0.38987472499787423,-0.6574337064856208,-0.631923348630724,-0.4929569897506534,-0.5651657695008108,-0.14164444006614638,-0.2123428250705816,-0.7247981776416337,0.023429743084529053,-0.3623033694149724,-0.5134891385397559,-0.33277849720641023,-0.5934025566722663,-1.0637213878159475,-0.9829045215354018,-0.4980476425759539,2.368178938535451,0.6359545674262231,-0.4674400783706247,-0.3785296533154296
1630191,2024-25,-1.2505582515252918,0.3424065590979032,-0.4700596285630402,0.4928225710577579,0.896207388289711,-1.2136217355645167,-1.0375554690290472,-1.042758559139972,1.3536145556442336,-0.22927426041518703,0.7558954099322821,-1.2249596286104312,-0.8568414820090983,-1.6315283001877723,-1.1686279516559197,-1.1855558051579658,-1.0089722472377007,-0.8220295157364726,0.6828918967752552,-0.3482938205225618,-0.23576219766909065,-0.14481516906566097,-0.030027723578881917,-0.4823165907879269,-1.1614342020931303
1630198,2024-25,1.8261072230792486,-1.3071003585156191,-0.4700596285630402,-1.0963516617009572,0.6606851880871638,-0.8315941364611462,-0.8746461422247216,-0.47335537264469846,-0.4929569897506534,-0.5651657695008108,-0.7128061627924192,-0.8287182707035335,1.8461626309248798,0.9502062473170181,-1.2085450101826993,0.15857752807845418,-0.2989688097048458,0.09247832052035312,-1.0637213878159475,-0.9829045215354018,-0.4980476425759539,-0.4305736963514062,0.7725663194272706,2.0764435449880527,-1.1246585832043932
1630202,2024-25,1.4828227679521717,-1.291060422523267,-0.4700596285630402,-1.7320213548044432,-1.3635326406806747,-0.6405803369094608,0.5372346900794333,1.4438756097317922,-0.4929569897506534,-0.5651657695008108,-0.5088198332473217,-0.12428918998015984,1.8073263649344489,1.0826028907788023,0.3083032138349245,0.4946108613875591,0.20817650281862204,0.7783591977129725,-1.0637213878159475,-0.9829045215354018,-0.4980476425759539,-0.4305736963514062,1.0116368854291036,2.091320057405355,-0.6489418377186514
1630208,2024-25,-2.051387712833226,2.0279409294850255,-0.4700596285630402,1.76416195726473,0.8325527395863199,-0.96291612365293,-0.9832523600942719,-1.2589876173027341,1.148439939489246,-0.22927426041518703,1.69423252583973,-1.2249596286104312,-1.812213625373694,-1.8301232653804484,-0.9929928941380897,-0.8495224718488609,-1.0427819347392653,-0.8791862555025243,-0.006226435508910295,-0.24498510175302965,0.11909458073431259,0.5779858117159297,-0.07271889607920923,-0.8839824260550865,-0.2903057802023721
1630215,2024-25,-0.24113505575724573,-0.34407348957081274,-0.4700596285630402,-1.0963516617009572,0.5715686799024162,-1.1658682856765954,0.21141603647078205,1.7682191969759353,-0.6981316059056408,-0.5651657695008108,-0.7536034287014386,0.5140996644253977,0.5956348660330106,-1.0357434046097438,-0.577855485459582,-0.17745580523065077,-0.19753974720015216,-0.19330537830990496,-1.0637213878159475,-0.9829045215354018,-0.4980476425759539,-0.4305736963514062,0.03827815242164178,1.0276494195682475,-1.0253644122048027
1630217,2024-25,-0.05611708238416911,-0.40226795256589976,-0.4700596285630402,-0.4606819685974711,-1.3635326406806747,0.4458106480407486,0.8087502347533089,0.36273031891798163,-0.4929569897506534,-0.5651657695008108,-0.4680225673383022,0.9983946574227169,0.611169372429183,-0.3075618655699312,1.2104287365401425,1.5027108613148743,0.7829411903452189,1.006986156777179,-1.0637213878159475,0.8618940279205285,-0.4980476425759539,-0.4305736963514062,0.14927520092249277,-0.1475950613986273,0.29527873028226226
1630224,2024-25,0.1872365034514367,-0.043825639719195814,-0.4700596285630402,-0.7785168151492141,-1.3635326406806747,-0.0078471258945039,1.4603875419706112,1.825880279152672,-0.6981316059056408,-0.5651657695008108,-0.7536034287014386,0.9983946574227169,-0.5228495944913942,0.15582638654631328,0.45200462453133067,0.4946108613875591,1.5605640028812031,1.8643372532679532,-1.0637213878159475,-0.9829045215354018,-0.4980476425759539,-0.4305736963514062,0.8152574919275979,-0.25173064831974284,-0.2952882384697115
1630228,2024-25,-0.7695828355073127,1.5961968894522138,-0.4700596285630402,0.1749877245060149,-1.3635326406806747,-0.0078471258945039,-0.06009950820309384,0.29065396619706085,-0.35617391231399514,0.2745630032132486,0.062341889478951015,0.4700728468801866,-0.6704274052550311,-0.5061568307626073,-0.37827019282568414,-0.5134891385397559,-0.1637300596985876,-0.479089077140163,0.041408472252667826,0.24573131240224783,-0.012048141719119049,-0.07757786852783857,-0.24348358608051845,-0.4823165907879269,0.5367091820032597
1630230,2024-25,-0.5707942060305731,-0.12679085507838572,-0.4700596285630402,-0.1428471220457281,0.7943599503642852,-0.48538162477371694,-0.11440261713786908,0.31948450728542915,-0.35617391231399514,-0.5651657695008108,-0.3864280355202633,0.38201921178976495,-0.6315911392646003,-0.3075618655699312,-0.08288395972751572,-0.5134891385397559,-0.43420755971110386,-0.6505592964383179,2.1119391296226024,-0.9829045215354018,-0.4980476425759539,2.368178938535451,0.3541928289240639,0.4772184601280656,-0.12369596131971469
1630241,2024-25,2.197751391635712,-1.551782678097069,-0.4700596285630402,-0.7785168151492141,-1.3635326406806747,-1.33300536028432,-1.0918585779638221,-0.8841905831539465,-0.6297400671873117,-0.5651657695008108,-0.6720088968833996,-1.114892584747404,2.925810825458854,0.751611282124342,-1.4480473613433766,-0.5134891385397559,-0.772304434726749,-0.3647755976080598,2.1119391296226024,-0.9829045215354018,-0.4980476425759539,-0.4305736963514062,1.720310348934536,1.890487139771775,-1.1777713738183508
1630245,2024-25,-0.005223791333382185,-0.5713866295835535,-0.4700596285630402,-0.4606819685974711,0.7307053016608941,0.195105036129162,0.1028098186012316,0.26182342510869255,-0.4929569897506534,-0.5651657695008108,-0.6312116309743803,0.4700728468801866,1.3179894134550223,0.15582638654631328,0.7394074459241436,1.1666775280057693,-0.7046850597236199,-0.479089077140163,-1.0637213878159475,-0.9829045215354018,-0.4980476425759539,-0.4305736963514062,1.2763221549311328,-0.6236434587522978,1.9449915784650473
1630249,2024-25,1.3971447134463242,-0.7704457106619047,-0.4700596285630402,0.4928225710577579,-1.3635326406806747,-0.9987312110688706,-0.6574337064856208,-0.1922575970331078,-0.5613485284689825,-0.5651657695008108,-0.7128061627924192,-0.6085841829774793,2.4209393675832547,-0.2413635438390391,-0.689623249334565,-0.5134891385397559,-0.7384947472251845,-0.42193233737411134,-1.0637213878159475,-0.9829045215354018,-0.4980476425759539,-0.4305736963514062,-0.6447806075835942,0.060676112443603804,-0.57207238566569
1630526,2024-25,0.2495146806437105,-0.7304109234937521,-0.4700596285630402,0.4928225710577579,0.7179743719202158,-1.2733135479244182,-0.9832523600942719,-0.9130211242423147,-0.28778237359566594,-0.48119289222940487,-0.060049908248107534,-1.004825540884377,0.5801003596368384,-0.5061568307626073,-1.0329099526648693,-1.1855558051579658,-0.8737334972314426,-0.7648727759704211,-1.0637213878159475,1.7842933026484935,-0.4980476425759539,-0.4305736963514062,0.18342813892275464,0.3805211294156012,-1.078291707526492
1630530,2024-25,0.4931173340239333,0.32367744849705954,-0.4700596285630402,0.4928225710577579,0.7752635557532679,1.1740507588315483,-0.005796399268318611,-0.026481985774990186,-0.35617391231399514,-0.5651657695008108,-0.3456307696112438,0.7122203433788462,-0.2820647453507235,1.4797928211641544,0.2683861553081449,0.15857752807845418,0.3434152528248802,0.7212024579469208,-1.0637213878159475,-0.9829045215354018,-0.4980476425759539,-0.4305736963514062,1.6178515349337503,-0.9732415005588998,1.8015454478104393
1630532,2024-25,-0.585544481736186,0.26658263170046387,-0.4700596285630402,1.128492264161244,-1.3635326406806747,1.2456809336634302,1.1345688883619602,1.0979091166713728,0.601307629742613,0.1905901259418427,0.14393642129698986,1.614770103055669,-0.8024707096224952,0.08962806481542117,0.5797392118170254,0.4946108613875591,0.8505605653483481,0.5497322386487661,0.5939734022869757,0.22359372980877665,0.2039516364394742,0.03168274484612279,0.8408721954277942,-0.9062971946810398,0.5606293682968477
1630533,2024-25,0.7825133666160389,-0.01904915716052574,-0.4700596285630402,0.8106574176095009,0.7307053016608941,-0.7480255991572841,-0.8203430332899463,-0.6607538897190922,-0.4245654510323243,-0.5651657695008108,-0.3456307696112438,-0.7626780443857173,-0.4917805816990496,0.6854129603934496,-0.8971919536738185,-1.1855558051579658,-0.772304434726749,-0.5934025566722663,-1.0637213878159475,-0.9829045215354018,-0.4980476425759539,-0.4305736963514062,0.11512226292223093,-0.33355146661490465,-0.5049850986506144
1630534,2024-25,0.2552331577163226,-1.3558734784923643,-0.4700596285630402,-0.4606819685974711,0.7307053016608941,-0.5331350746616381,-0.9289492511594968,-0.9202287595144066,-0.4245654510323243,-0.48119289222940487,0.062341889478951015,-0.7626780443857173,0.6189366256272691,0.2882230300080975,-0.6816398376292089,-0.8495224718488609,-0.8737334972314426,-0.7077160362043694,-0.006226435508910295,-0.06050524680743666,1.4305218052686288,-0.4305736963514062,0.18342813892275464,0.030923087608999363,-0.07677952449970163
