matchup_id,beta_0,beta_off_0,beta_def_0,beta_off_1,beta_def_1,beta_off_2,beta_def_2,beta_off_3,beta_def_3,beta_off_4,beta_def_4,beta_off_5,beta_def_5,beta_off_6,beta_def_6,beta_off_7,beta_def_7
0,-1.85197141448725e-05,7.39764903275e-06,1.7585039177e-05,3.143578991075e-05,1.5053252192500002e-05,1.2417665401750001e-05,1.6084637585000005e-05,7.63371585825e-06,3.70252734775e-06,3.3664670622500005e-06,6.5457477577500004e-06,9.935466536500002e-06,7.68721885475e-06,1.6468692326500002e-05,1.050858558625e-05,5.8738321575249996e-06,6.208583135e-06
1,-0.8406762407975,2.468283195175,2.3281732067500003,0.47636225149999994,1.091302450175,0.491188346525,0.30077141170000005,1.5166802909500001,0.3685594248,0.771782178575,0.5390899725,0.8858404514749999,2.63482346345,1.6796755014000002,0.5944074168499999,4.1784430645,6.291542488749999
2,-1.1512508297524999e-05,7.4261716025000004e-06,4.65498223975e-06,4.34993779e-06,8.91276022e-06,1.2695083233e-05,5.126466598249999e-06,1.2748109226249997e-05,7.980155357e-06,3.6971157045000005e-06,4.740289239749999e-06,6.5000136097499996e-06,1.4831706767250001e-05,1.36558849935e-05,3.41203605525e-05,5.883577697749999e-06,6.54996040825e-06
3,2.1681944490000008e-06,6.4616397099999995e-06,8.17062060025e-06,6.01663442975e-06,1.33610955655e-05,1.5601373701999997e-05,1.5621748728499998e-05,2.1374630401499996e-05,6.3349834765e-06,3.639112523e-06,8.08310584025e-06,6.397658659999999e-06,9.421695108e-06,1.82405838105e-05,2.1674304434750002,8.55881698125e-06,1.62082129905e-05
4,-4.2788421317499996e-05,5.434241545250001e-05,1.2400002243500002e-05,1.23923488285e-05,2.2199128645e-05,6.758355254000001e-05,5.143957358749999e-05,1.6185109615749998e-05,2.560578914e-05,8.232490787000001e-06,2.4987332710000002e-05,2.94665715025e-05,2.231941058075e-05,2.1570614129750002e-05,2.133412301975e-05,3.67346222125e-05,1.899623830325e-05
5,-4.35136778095e-05,6.408740052750001e-06,3.3062209954999996e-05,6.425641228249999e-06,3.24503059875e-05,2.7134990152499994e-05,1.2339124919250001e-05,3.9974194163e-06,1.567057883975e-05,2.3080939255000002e-05,1.3473697129999999e-05,1.22265444e-05,6.879219882499999e-06,3.43782908125e-05,2.3757192720999996e-05,1.0159635490249999e-05,1.100539723425e-05
6,0.8625181294874998,0.8256991837750001,0.45551609295000006,2.3920225486,0.48468325977499993,1.1622532667499998,2.1382783661499998,1.152853390175,2.7597812117499996,0.24006979385000002,0.34376260667499997,0.6429778592750001,2.0764485442500002,4.0438834493249995,0.5991858939,0.26493728050000004,1.7143641981250002
7,0.15879518764999997,1.4456378874749998,1.279165002725,0.20301895185,1.2099134727249998,1.4183998030749998,6.27698245925,3.5464041447499994,4.4177639705,2.4703342294999997,0.339524798125,1.80823608175,1.425438059525,3.170233017975,0.7182136941750001,0.312776869775,5.212147708575
8,-1.136747627225,0.8109526404999999,0.389686055775,1.164023210525,1.0438181612,2.24357485735,2.853573074,1.1953939872,1.2288131553999997,0.689003687525,1.8811160289999997,0.7843894552999999,0.6088849718999999,0.1857079692,1.92265321135,0.32029478659999994,3.5782635855499993
9,-0.016269345424999956,0.46054783715,1.084818621,1.394036107825,1.009807875475,0.837995744375,0.7743311602,2.0111180587249997,0.17013101567499997,2.85752599725,0.7663105502499999,1.915417055,1.0885305353749999,1.5402456084,2.265658488325,1.4044758572249998,3.1754481602499998
10,0.12544447092500008,2.0788699894,0.287600105,0.30697412952500003,1.990212697,0.349668612725,3.7543932785000003,0.128766291325,2.6803123822500003,0.8722940971750001,1.0939200426,6.983828762749999,0.57958168495,0.20515347390000002,2.558704691925,0.3357200954,1.8101286544000001
11,0.697058788525,6.847534494249999,0.8300974716999999,2.141361603525,2.81096582855,1.440881656925,3.4575618351500004,6.43005481175,1.075008488625,1.9307398785,2.0843311506249997,1.745579972525,1.57945225545,1.6283810394,2.14041359175,0.88705523325,3.1598513550000003
12,8.2696849105e-06,8.798101607750001e-06,6.186534817e-06,1.292300034375e-05,7.6533839695e-06,5.9691537611e-05,1.7988973795e-05,7.95977261825e-06,2.3499999210500002e-05,2.5337576631999998e-06,4.22483351225e-06,6.86602532725e-06,5.720853718999999e-06,4.0360482335000004e-05,1.569044889375e-05,5.8758773165e-06,1.2027472225249998e-05
13,-0.227826867875,2.3679378712,1.7809201322500001,1.4394650007,0.428300858025,0.958968568075,0.2938909179,1.1482200845500001,0.7411236117,1.37946290715,0.720846254175,0.88625184865,4.07797467955,0.759590653775,0.6795609373249999,0.51420955505,2.682478577
14,4.7411938004e-05,1.102908046425e-05,1.2904028722000002e-05,3.9158150975e-06,1.456618636425e-05,1.634689755625e-05,2.4942297515e-05,2.6602644234500003e-05,2.7042175378499998e-05,6.735041469000001e-06,2.625416841525e-06,4.78888899225e-06,2.7957570919249997e-06,4.195162019e-05,2.74533580385e-05,8.4997255235e-06,6.159841259749999e-05
15,-2.4843910836999997e-06,6.09218586625e-06,4.887864768999999e-06,6.8085575674999996e-06,1.1483480551e-05,7.55921577e-06,1.94110735585e-05,4.9578947315e-06,7.663317932e-06,2.941390358925e-06,1.2223972039000001e-05,4.3479563035e-06,3.0251572278750002e-05,5.066308862249999e-05,1.391365296875,9.76413529825e-06,1.2772060289499998e-05
16,-4.19354783425e-06,1.640699179625e-05,4.12238496525e-05,1.4158072416500003e-05,1.287979328075e-05,1.6728324835e-05,2.9392300338250003e-05,8.7565148815e-06,1.030366244475e-05,3.59137764025e-06,1.6943720229e-05,1.5650450034e-05,5.268452172075e-06,2.833137274325e-05,2.184669603775e-05,8.90000556725e-06,3.958296921475e-05
17,9.4293179085e-05,1.13883385295e-05,6.656612453e-05,9.6955415195e-06,5.52443936875e-05,1.021111984525e-05,8.06487901425e-05,1.0224321223750001e-05,1.698314885675e-05,1.0736551703500002e-05,2.7326107182500003e-05,6.242727643249999e-06,1.0817447096750002e-05,8.69882261175e-05,0.0001038584793325,3.0193985192500002e-05,2.0248721823000002e-05
18,4.313633506350001e-05,1.441625971875e-05,2.97682851175e-05,1.5008832982249999e-05,6.6896927594999995e-06,2.5152668532499998e-05,3.5230195750000004e-05,6.68321623675e-06,8.36776713075e-06,6.553859467500001e-06,7.8901425345e-06,1.1738923086249999e-05,2.06506320275e-05,1.8429572005,1.90635836075e-05,2.32240873825e-05,6.5373635685e-05
19,0.6742963009,0.20616133879999998,1.7095688115,1.174210166675,1.694384953725,0.3281814095,0.5235304046000001,0.170621097975,1.3004498251749999,3.341320975,0.378543842575,0.17491076212499998,0.392853030375,0.534522169175,2.37894137225,2.42031837475,0.00314333597035
20,1.2020041676750001e-05,4.75805766e-06,2.1913234464250002e-05,2.229574608375e-05,6.070159676000001e-06,1.4076797457e-05,1.5321330898e-05,1.5911454204499997e-05,1.560137560275e-05,3.99198781425e-06,4.3184459855e-06,1.249506563975e-05,3.8690291851e-06,1.1444808770250001,1.9822961845e-05,1.6625978341e-05,6.656424438249999e-06
21,-1.6771545477e-05,8.17364840775e-06,3.9908086859000005e-05,2.2945920447500003e-05,1.2719169561000001e-05,2.0827945897499998e-05,2.6114219119999998e-05,7.18913255575e-06,6.983907646599999e-06,1.500564957825e-05,3.4566258461500006e-05,8.18208556975e-06,1.3605978734000002e-05,4.22475156975,3.3133855747500003,3.7046960105e-05,7.269264557800001e-06
22,-1.4497735970499998e-05,1.2848969767750001e-05,2.6795614457499998e-05,7.5138959155e-05,1.928831529475e-05,6.15403919275e-05,5.277182911249999e-05,2.4557320217999996e-05,2.5521611929249997e-05,1.4760181127250001e-05,4.0432604892499996e-05,3.8184145037499994e-05,1.25525379575e-05,3.9931281549250004,4.18488457025e-05,4.05389682125e-05,2.077109573325e-05
23,6.689497495750001e-05,8.24250812275e-06,0.00010743122182499999,8.195705845249999e-05,4.67293315475e-05,1.850763611875e-05,3.1663386274999994e-05,2.542524436375e-05,2.0550695530500004e-05,1.3791157157e-05,3.977211446e-05,3.3996151224999995e-05,1.9200760363500003e-05,0.7265820582750001,6.192749347e-05,3.9214043045e-05,5.04582951075e-05
24,2.32612930965555e-05,2.469493192e-05,1.2621032202999998e-05,7.44404733825e-06,6.663567388499999e-06,7.449311595499999e-05,2.83524158525e-05,7.80489828625e-06,9.503780839e-06,5.98412254225e-06,9.96328767175e-06,7.04084761325e-06,6.545743150000001e-06,1.138170619125e-05,1.2445846845999999e-05,3.346194742775e-05,1.3026045614e-05
25,-1.3781745659249998,0.19837234457500003,2.0760570974999997,3.6858251914999998,1.12191330595,3.6326171654,0.7847460584000001,0.478902114325,0.34361050829999995,3.86683463425,0.625450187125,2.02317699975,1.0299334172999999,1.122946034775,1.5842178389250001,3.7013841020000005,2.9948537658250003
26,-0.00010262040169974999,2.8052269394999996e-05,7.11472042425e-06,2.598769138575e-05,3.35432632725e-05,3.114720103325e-05,8.7253149235e-06,8.471994049499999e-06,1.1731920369499998e-05,6.205017482725001e-05,2.8171644375e-05,4.2135756974e-06,8.985279742749999e-06,1.99811448345e-05,3.59712676865e-05,1.484278522425e-05,4.1328770257499996e-05
27,-8.876322611475e-05,7.73200668625e-06,6.34101328425e-06,5.558974098675e-05,2.1840404906e-05,7.73915143025e-05,2.6944077153e-05,1.23572639225e-05,3.33847745625e-05,1.8267470151999997e-05,3.4909967849999994e-05,7.188404484499999e-06,2.23222376375e-05,3.5073371025000004e-05,3.2462032190000003,1.0508417063350001e-05,1.4771341906750002e-05
28,-1.0546465308030002e-05,6.887557714999999e-05,1.4260998456499998e-05,7.168478014250001e-05,1.098435811425e-05,0.00019699984957249997,3.2449258257499994e-05,3.4479829064999995e-05,1.881774103925e-05,1.688930500125e-05,2.8536668657499998e-05,2.6738488147500002e-05,2.9305562045000003e-05,8.885219161249999e-05,3.7053686735e-05,2.425073070375e-05,3.0066294705000004e-05
29,1.0233070314957502e-05,2.8595947655e-05,6.579210593500001e-05,9.1634666435e-06,2.4179578401749998e-05,6.892775062500001e-05,1.7954492689500002e-05,1.339318352225e-05,2.6396971279e-05,1.8871998597e-05,2.967627473e-05,1.850052948725e-05,2.2753141845e-05,4.166444462999999e-05,3.4515792845e-05,2.78549510225e-05,1.3081052012250002e-05
30,-3.843577720195e-06,4.4347905687499994e-05,6.0540734865e-06,8.51184248825e-06,1.593858103025e-05,3.5563192834999994e-05,3.08096005975e-05,2.964614981e-05,9.2361068505e-06,5.2041888995e-06,1.8353108069000003e-05,1.6888716278e-05,1.9415814937249996e-05,2.058717881525e-05,3.32677935325e-05,2.4342553885e-05,3.60468224075e-05
31,-0.667337971825,1.652309617025,0.39021534790000006,1.0106586987500001,7.830013115249999,1.7894544975,1.2987949077499998,0.49168033115,2.6824966160000003,1.6430189311749999,2.34207591655,7.241993642500001,4.264049136500001,0.47294620197500004,3.3198040666999997,0.4997471779,0.24718177044999998
32,-7.195592066049999e-06,3.31312460765e-05,8.3099046455e-06,1.05095506715e-05,1.5270489175e-05,4.575007701e-05,3.4440199149999994e-05,3.19751727925e-05,7.1977932805e-06,4.315507220249999e-06,1.600818351275e-05,1.23543952935e-05,6.27530421775e-06,5.2645522465e-05,0.810291362625,1.430888752125e-05,2.388070678e-05
33,-2.8879195544999998e-05,2.7115890505000005e-05,7.602294381500001e-06,1.124855905775e-05,2.5331414385000003e-05,2.3552990489999997e-05,4.74028846625e-05,1.3762873687000002e-05,2.3926920617499996e-05,6.450203785499999e-06,2.72845433225e-05,1.769773912425e-05,2.1002539020749997e-05,3.60257309625e-05,2.40371937675,1.630746928575e-05,2.56850200325e-05
34,-3.13286639055e-05,0.00016676040488,1.023580623125e-05,3.54081602625e-05,1.32695180755e-05,5.000781979250001e-05,7.909301394499999e-05,5.41313353225e-05,1.3671853746500001e-05,1.7842131575500003e-05,4.3276493539999996e-05,1.3941438130999999e-05,1.826508047325e-05,0.00011468366825999999,4.6849130940000004e-05,7.72672836175e-05,2.1331575921000004e-05
35,-1.2119398039999998e-05,0.62902243395,0.0018045892350249998,5.7918049005000006e-05,2.9692565564999997e-05,0.000454948782375,4.027607235500001e-05,3.28314636925e-05,4.5779332897499995e-05,2.0998417860499997e-05,4.7894111864999996e-05,1.0736396357500001e-05,8.287831254e-05,0.00027758169397499997,0.00010215951720749998,0.0001549928403925,4.1220020547499996e-05
